hour_index,pv_mw
1,0
2,0
3,0
4,0
5,0
6,0
7,0
8,4.63592
9,12.7243
10,27.911
11,36.2301
12,37.1093
13,26.0137
14,27.9428
15,29.7453
16,27.8805
17,12.0508
18,0.0104812
19,0
20,0
21,0
22,0
23,0
24,0
25,0
26,0
27,0
28,0
29,0
30,0
31,0.170688
32,4.47731
33,13.0702
34,28.073
35,40.3575
36,44.6311
37,44.6311
38,44.6311
39,42.1876
40,31.494
41,16.2436
42,0.679404
43,0
44,0
45,0
46,0
47,0
48,0
49,0
50,0
51,0
52,0
53,0
54,0
55,0.0149284
56,5.48183
57,12.47
58,23.6329
59,37.4835
60,39.8372
61,44.6311
62,44.6311
63,42.4224
64,31.6199
65,16.3706
66,0.717887
67,0
68,0
69,0
70,0
71,0
72,0
73,0
74,0
75,0
76,0
77,0
78,0
79,0.145521
80,4.08028
81,12.7594
82,28.3659
83,40.5026
84,44.6311
85,44.6311
86,44.6311
87,41.8834
88,31.2279
89,16.2132
90,0.694659
91,0
92,0
93,0
94,0
95,0
96,0
97,0
98,0
99,0
100,0
101,0
102,0
103,0.175015
104,4.24912
105,13.1805
106,28.5971
107,41.0965
108,44.6311
109,44.6311
110,44.6311
111,43.1697
112,32.4792
113,16.0337
114,0.218294
115,0
116,0
117,0
118,0
119,0
120,0
121,0
122,0
123,0
124,0
125,0
126,0
127,0
128,4.57781
129,12.8641
130,28.1251
131,40.4669
132,44.6311
133,44.6311
134,44.6311
135,42.6379
136,32.0406
137,16.8423
138,0.810642
139,0
140,0
141,0
142,0
143,0
144,0
145,0
146,0
147,0
148,0
149,0
150,0
151,0.0779406
152,3.99477
153,12.4398
154,27.9329
155,39.9685
156,44.6311
157,44.6311
158,42.3982
159,35.3362
160,15.5537
161,6.62245
162,0.36797
163,0
164,0
165,0
166,0
167,0
168,0
169,0
170,0
171,0
172,0
173,0
174,0
175,0.12046
176,3.9842
177,12.5627
178,28.1178
179,39.9971
180,44.6311
181,34.4614
182,30.768
183,13.6058
184,27.0515
185,13.4182
186,0.104747
187,0
188,0
189,0
190,0
191,0
192,0
193,0
194,0
195,0
196,0
197,0
198,0
199,0.0760246
200,4.09643
201,12.6669
202,27.9543
203,40.2442
204,44.6311
205,44.6311
206,44.6311
207,28.6432
208,6.79602
209,5.31326
210,0.0815636
211,0
212,0
213,0
214,0
215,0
216,0
217,0
218,0
219,0
220,0
221,0
222,0
223,0.0701364
224,4.13041
225,12.8319
226,23.6304
227,37.9144
228,40.5785
229,42.6467
230,22.0492
231,6.67736
232,22.0167
233,5.22753
234,0
235,0
236,0
237,0
238,0
239,0
240,0
241,0
242,0
243,0
244,0
245,0
246,0
247,0.113924
248,4.16393
249,11.8096
250,27.532
251,39.6532
252,44.6311
253,21.7898
254,22.6664
255,27.6136
256,3.72968
257,16.9859
258,0.0400794
259,0
260,0
261,0
262,0
263,0
264,0
265,0
266,0
267,0
268,0
269,0
270,0
271,0
272,3.6677
273,11.8739
274,25.9876
275,27.5378
276,13.6228
277,30.0249
278,22.1215
279,31.7682
280,26.1911
281,11.3688
282,0.945831
283,0
284,0
285,0
286,0
287,0
288,0
289,0
290,0
291,0
292,0
293,0
294,0
295,0
296,4.66535
297,12.0614
298,20.7438
299,27.4108
300,38.4674
301,27.875
302,40.7757
303,38.5324
304,25.4978
305,17.6389
306,0.765696
307,0
308,0
309,0
310,0
311,0
312,0
313,0
314,0
315,0
316,0
317,0
318,0
319,0.0580702
320,3.74392
321,12.0336
322,27.4708
323,39.6107
324,37.8456
325,19.6352
326,34.9413
327,29.2571
328,32.4275
329,17.9001
330,0.426829
331,0
332,0
333,0
334,0
335,0
336,0
337,0
338,0
339,0
340,0
341,0
342,0
343,0.0148314
344,3.9075
345,12.222
346,27.2575
347,39.6581
348,44.6311
349,44.6311
350,44.6311
351,42.5737
352,32.5619
353,17.6818
354,1.47691
355,0
356,0
357,0
358,0
359,0
360,0
361,0
362,0
363,0
364,0
365,0
366,0
367,0.0144548
368,4.01965
369,12.2461
370,27.2119
371,39.3663
372,44.6311
373,44.6311
374,44.6311
375,42.2749
376,32.8011
377,18.4422
378,0.763477
379,0
380,0
381,0
382,0
383,0
384,0
385,0
386,0
387,0
388,0
389,0
390,0
391,0.0114117
392,4.02164
393,11.9919
394,26.9868
395,38.6462
396,44.6311
397,44.6311
398,44.6311
399,42.1419
400,32.5157
401,17.7993
402,1.5461
403,0
404,0
405,0
406,0
407,0
408,0
409,0
410,0
411,0
412,0
413,0
414,0
415,0.0104879
416,2.80469
417,5.1326
418,13.3754
419,28.8603
420,36.4095
421,44.6311
422,44.6311
423,42.3045
424,32.9061
425,18.157
426,1.639
427,0
428,0
429,0
430,0
431,0
432,0
433,0
434,0
435,0
436,0
437,0
438,0
439,0.011145
440,4.10911
441,12.3458
442,27.3492
443,39.8544
444,44.6311
445,44.6311
446,32.8022
447,34.4073
448,22.9775
449,14.204
450,1.27728
451,0
452,0
453,0
454,0
455,0
456,0
457,0
458,0
459,0
460,0
461,0
462,0
463,0.0520338
464,3.79717
465,12.4703
466,28.5244
467,30.3543
468,33.1776
469,26.8049
470,38.7573
471,24.4116
472,32.183
473,15.5502
474,2.12333
475,0
476,0
477,0
478,0
479,0
480,0
481,0
482,0
483,0
484,0
485,0
486,0
487,0
488,4.24163
489,8.97281
490,23.1978
491,27.0947
492,22.4136
493,13.2854
494,19.1512
495,44.6311
496,35.2045
497,20.2218
498,2.72628
499,0
500,0
501,0
502,0
503,0
504,0
505,0
506,0
507,0
508,0
509,0
510,0
511,0.0138737
512,4.62622
513,13.3332
514,29.4574
515,42.0859
516,44.6311
517,44.6311
518,44.6311
519,44.6311
520,36.4367
521,21.1424
522,3.09592
523,0
524,0
525,0
526,0
527,0
528,0
529,0
530,0
531,0
532,0
533,0
534,0
535,0
536,4.27635
537,13.1249
538,21.9174
539,29.7185
540,34.8915
541,44.6311
542,44.6311
543,41.9253
544,34.5523
545,20.7506
546,2.17563
547,0
548,0
549,0
550,0
551,0
552,0
553,0
554,0
555,0
556,0
557,0
558,0
559,0
560,4.08712
561,12.5343
562,27.4793
563,30.2514
564,31.476
565,19.4206
566,6.33916
567,6.1467
568,3.38875
569,1.09033
570,0.213043
571,0
572,0
573,0
574,0
575,0
576,0
577,0
578,0
579,0
580,0
581,0
582,0
583,0
584,2.10207
585,10.4524
586,18.4303
587,24.9683
588,28.3668
589,38.7252
590,28.4722
591,4.53949
592,5.69858
593,5.70897
594,2.01563
595,0
596,0
597,0
598,0
599,0
600,0
601,0
602,0
603,0
604,0
605,0
606,0
607,0
608,4.0804
609,13.236
610,25.4189
611,33.6971
612,32.6886
613,36.0883
614,32.5309
615,40.2914
616,28.994
617,19.884
618,4.05692
619,0
620,0
621,0
622,0
623,0
624,0
625,0
626,0
627,0
628,0
629,0
630,0
631,0
632,3.79065
633,13.1087
634,29.0029
635,41.226
636,44.6311
637,44.6311
638,44.6311
639,44.6311
640,37.9719
641,23.1372
642,4.74783
643,0
644,0
645,0
646,0
647,0
648,0
649,0
650,0
651,0
652,0
653,0
654,0
655,0.012838
656,4.20708
657,13.4558
658,28.9691
659,41.0888
660,44.6311
661,44.6311
662,44.6311
663,44.6311
664,37.8398
665,22.9736
666,4.77985
667,0
668,0
669,0
670,0
671,0
672,0
673,0
674,0
675,0
676,0
677,0
678,0
679,0.0136825
680,4.67071
681,14.2175
682,29.3773
683,41.1542
684,44.6311
685,44.6311
686,44.6311
687,44.6311
688,32.852
689,21.185
690,2.77762
691,0
692,0
693,0
694,0
695,0
696,0
697,0
698,0
699,0
700,0
701,0
702,0
703,0
704,5.37993
705,14.6188
706,29.2994
707,41.2839
708,44.6311
709,44.6311
710,44.6311
711,44.6311
712,36.4719
713,21.4058
714,4.07846
715,0
716,0
717,0
718,0
719,0
720,0
721,0
722,0
723,0
724,0
725,0
726,0
727,0
728,5.24285
729,15.1682
730,29.949
731,31.8518
732,44.6311
733,39.6877
734,44.167
735,26.3577
736,24.7749
737,21.3792
738,2.71236
739,0
740,0
741,0
742,0
743,0
744,0
745,0
746,0
747,0
748,0
749,0
750,0
751,0
752,5.05989
753,17.3253
754,30.7501
755,43.5439
756,44.6311
757,44.6311
758,44.6311
759,36.1139
760,27.4384
761,15.2604
762,2.95443
763,0
764,0
765,0
766,0
767,0
768,0
769,0
770,0
771,0
772,0
773,0
774,0
775,0
776,6.3169
777,15.0952
778,31.4738
779,44.3778
780,44.6311
781,44.6311
782,44.6311
783,44.6311
784,38.569
785,23.3995
786,5.07673
787,0
788,0
789,0
790,0
791,0
792,0
793,0
794,0
795,0
796,0
797,0
798,0
799,0
800,6.4207
801,14.7504
802,30.7821
803,43.578
804,38.1823
805,44.6311
806,40.9277
807,44.6311
808,37.7282
809,20.6321
810,5.16325
811,0
812,0
813,0
814,0
815,0
816,0
817,0
818,0
819,0
820,0
821,0
822,0
823,0
824,4.11047
825,15.2398
826,24.3746
827,31.7375
828,36.6327
829,42.1994
830,35.6362
831,22.1287
832,12.497
833,6.96951
834,0.945253
835,0
836,0
837,0
838,0
839,0
840,0
841,0
842,0
843,0
844,0
845,0
846,0
847,0
848,0.982126
849,3.14489
850,11.8639
851,18.6159
852,20.1299
853,31.9299
854,44.6311
855,25.5241
856,16.803
857,6.27863
858,0.892515
859,0
860,0
861,0
862,0
863,0
864,0
865,0
866,0
867,0
868,0
869,0
870,0
871,0
872,4.19406
873,14.7791
874,30.8773
875,43.2883
876,44.6311
877,44.6311
878,44.6311
879,44.6311
880,37.4447
881,23.0727
882,2.11089
883,0
884,0
885,0
886,0
887,0
888,0
889,0
890,0
891,0
892,0
893,0
894,0
895,0
896,4.29787
897,16.2814
898,30.957
899,32.8507
900,16.7499
901,19.1023
902,32.6306
903,29.795
904,9.73119
905,9.57128
906,1.46537
907,0
908,0
909,0
910,0
911,0
912,0
913,0
914,0
915,0
916,0
917,0
918,0
919,0
920,4.54535
921,15.5941
922,21.5028
923,41.7006
924,44.6311
925,44.6311
926,44.6311
927,12.3138
928,19.1405
929,24.3737
930,6.61842
931,0
932,0
933,0
934,0
935,0
936,0
937,0
938,0
939,0
940,0
941,0
942,0
943,0
944,3.9303
945,15.3808
946,31.1682
947,43.7208
948,44.6311
949,44.6311
950,44.6311
951,44.6311
952,20.4015
953,24.9299
954,6.52315
955,0
956,0
957,0
958,0
959,0
960,0
961,0
962,0
963,0
964,0
965,0
966,0
967,0
968,4.27472
969,15.5606
970,30.5701
971,42.7485
972,44.6311
973,44.6311
974,44.6311
975,44.6311
976,39.3747
977,25.2598
978,6.79211
979,0
980,0
981,0
982,0
983,0
984,0
985,0
986,0
987,0
988,0
989,0
990,0
991,0
992,3.73332
993,15.5638
994,31.6572
995,43.727
996,44.6311
997,44.6311
998,44.6311
999,44.6311
1000,38.9551
1001,24.251
1002,6.69979
1003,0
1004,0
1005,0
1006,0
1007,0
1008,0
1009,0
1010,0
1011,0
1012,0
1013,0
1014,0
1015,0
1016,4.96681
1017,16.1612
1018,31.8155
1019,26.1673
1020,38.8884
1021,44.6311
1022,44.6311
1023,28.7629
1024,17.8838
1025,19.8003
1026,4.4418
1027,0
1028,0
1029,0
1030,0
1031,0
1032,0
1033,0
1034,0
1035,0
1036,0
1037,0
1038,0
1039,0
1040,4.689
1041,16.5219
1042,32.2611
1043,44.3849
1044,44.6311
1045,44.6311
1046,44.6311
1047,44.6311
1048,38.8985
1049,14.137
1050,3.54123
1051,0
1052,0
1053,0
1054,0
1055,0
1056,0
1057,0
1058,0
1059,0
1060,0
1061,0
1062,0
1063,0
1064,5.2229
1065,16.9557
1066,32.1173
1067,43.7647
1068,44.6311
1069,44.6311
1070,44.6311
1071,37.1748
1072,16.2382
1073,24.0149
1074,5.49623
1075,0
1076,0
1077,0
1078,0
1079,0
1080,0
1081,0
1082,0
1083,0
1084,0
1085,0
1086,0
1087,0
1088,5.30942
1089,17.006
1090,32.6356
1091,44.5216
1092,44.6311
1093,44.6311
1094,44.6311
1095,44.6311
1096,38.6164
1097,24.2524
1098,6.20741
1099,0
1100,0
1101,0
1102,0
1103,0
1104,0
1105,0
1106,0
1107,0
1108,0
1109,0
1110,0
1111,0.267596
1112,3.92603
1113,16.9965
1114,33.5061
1115,44.6311
1116,44.6311
1117,44.6311
1118,44.6311
1119,44.6311
1120,39.2743
1121,25.0692
1122,6.39518
1123,0
1124,0
1125,0
1126,0
1127,0
1128,0
1129,0
1130,0
1131,0
1132,0
1133,0
1134,0
1135,0.319872
1136,3.98233
1137,17.3529
1138,34.028
1139,44.6311
1140,44.6311
1141,44.6311
1142,44.6311
1143,44.6311
1144,40.1818
1145,25.347
1146,6.61238
1147,0
1148,0
1149,0
1150,0
1151,0
1152,0
1153,0
1154,0
1155,0
1156,0
1157,0
1158,0
1159,0.329951
1160,7.2345
1161,17.7493
1162,33.9524
1163,44.6311
1164,44.6311
1165,44.6311
1166,44.6311
1167,44.6311
1168,40.1639
1169,20.6598
1170,7.02903
1171,0
1172,0
1173,0
1174,0
1175,0
1176,0
1177,0
1178,0
1179,0
1180,0
1181,0
1182,0
1183,0.297737
1184,4.86878
1185,18.0839
1186,34.4084
1187,44.6311
1188,44.6311
1189,44.6311
1190,44.6311
1191,44.6311
1192,41.286
1193,27.2004
1194,8.06148
1195,0
1196,0
1197,0
1198,0
1199,0
1200,0
1201,0
1202,0
1203,0
1204,0
1205,0
1206,0
1207,0.388989
1208,4.69564
1209,18.3953
1210,34.8555
1211,44.6311
1212,44.6311
1213,44.6311
1214,44.6311
1215,44.6311
1216,42.4032
1217,27.4776
1218,7.64823
1219,0
1220,0
1221,0
1222,0
1223,0
1224,0
1225,0
1226,0
1227,0
1228,0
1229,0
1230,0
1231,0.404996
1232,5.0918
1233,18.6505
1234,34.9908
1235,44.6311
1236,44.6311
1237,44.6311
1238,44.6311
1239,44.6311
1240,41.2155
1241,26.3484
1242,7.69102
1243,0
1244,0
1245,0
1246,0
1247,0
1248,0
1249,0
1250,0
1251,0
1252,0
1253,0
1254,0
1255,0.519716
1256,4.5938
1257,18.89
1258,35.1991
1259,44.6311
1260,44.6311
1261,44.6311
1262,44.6311
1263,44.6311
1264,41.4556
1265,26.4843
1266,7.16074
1267,0
1268,0
1269,0
1270,0
1271,0
1272,0
1273,0
1274,0
1275,0
1276,0
1277,0
1278,0
1279,0.308473
1280,7.99926
1281,19.2479
1282,31.6678
1283,40.8476
1284,44.6311
1285,44.6311
1286,44.6311
1287,31.4968
1288,29.2315
1289,3.23702
1290,0.735731
1291,0
1292,0
1293,0
1294,0
1295,0
1296,0
1297,0
1298,0
1299,0
1300,0
1301,0
1302,0
1303,0.531534
1304,5.36724
1305,19.6492
1306,36.5182
1307,38.758
1308,44.6311
1309,44.6311
1310,44.6311
1311,14.2806
1312,31.3871
1313,9.85391
1314,8.35754
1315,0
1316,0
1317,0
1318,0
1319,0
1320,0
1321,0
1322,0
1323,0
1324,0
1325,0
1326,0
1327,0.653244
1328,5.0608
1329,19.896
1330,36.4431
1331,44.6311
1332,44.6311
1333,44.6311
1334,44.6311
1335,44.6311
1336,41.8886
1337,27.3305
1338,7.64398
1339,0
1340,0
1341,0
1342,0
1343,0
1344,0
1345,0
1346,0
1347,0
1348,0
1349,0
1350,0
1351,0.786611
1352,4.77388
1353,20.2791
1354,37.4811
1355,44.6311
1356,44.6311
1357,44.6311
1358,44.6311
1359,44.6311
1360,42.0902
1361,27.2043
1362,7.75882
1363,0
1364,0
1365,0
1366,0
1367,0
1368,0
1369,0
1370,0
1371,0
1372,0
1373,0
1374,0
1375,0.136692
1376,4.77146
1377,19.1032
1378,33.7152
1379,42.9746
1380,44.6311
1381,42.5329
1382,40.5371
1383,12.042
1384,23.3547
1385,13.0397
1386,2.82227
1387,0
1388,0
1389,0
1390,0
1391,0
1392,0
1393,0
1394,0
1395,0
1396,0
1397,0
1398,0
1399,0.936098
1400,4.94587
1401,20.7737
1402,34.6881
1403,37.9764
1404,29.5393
1405,26.4615
1406,32.7014
1407,20.6176
1408,24.8219
1409,4.99032
1410,8.18165
1411,0
1412,0
1413,0
1414,0
1415,0
1416,0
1417,0
1418,0
1419,0
1420,0
1421,0
1422,0
1423,0
1424,4.92842
1425,20.7441
1426,37.4011
1427,44.6311
1428,44.6311
1429,44.6311
1430,33.4859
1431,44.6311
1432,19.4622
1433,27.7228
1434,2.137
1435,0
1436,0
1437,0
1438,0
1439,0
1440,0
1441,0
1442,0
1443,0
1444,0
1445,0
1446,0
1447,0.799968
1448,6.43225
1449,18.5551
1450,27.4219
1451,22.7157
1452,24.0173
1453,37.6103
1454,44.402
1455,12.951
1456,10.8305
1457,8.74374
1458,0.185966
1459,0
1460,0
1461,0
1462,0
1463,0
1464,0
1465,0
1466,0
1467,0
1468,0
1469,0
1470,0
1471,0.434986
1472,5.79492
1473,21.4352
1474,38.2303
1475,44.6311
1476,44.6311
1477,44.6311
1478,44.6311
1479,42.9639
1480,22.7959
1481,14.9401
1482,1.64517
1483,0
1484,0
1485,0
1486,0
1487,0
1488,0
1489,0
1490,0
1491,0
1492,0
1493,0
1494,0
1495,0.987082
1496,6.29813
1497,10.5427
1498,7.15975
1499,23.1814
1500,28.7103
1501,17.24
1502,13.8048
1503,7.03235
1504,14.109
1505,25.0673
1506,7.54904
1507,0
1508,0
1509,0
1510,0
1511,0
1512,0
1513,0
1514,0
1515,0
1516,0
1517,0
1518,0
1519,1.20024
1520,6.25955
1521,22.0685
1522,38.4138
1523,44.6311
1524,44.6311
1525,44.6311
1526,44.6311
1527,44.6311
1528,27.4407
1529,28.9353
1530,9.08681
1531,0
1532,0
1533,0
1534,0
1535,0
1536,0
1537,0
1538,0
1539,0
1540,0
1541,0
1542,0
1543,1.36996
1544,6.4419
1545,22.7385
1546,39.2126
1547,44.6311
1548,44.6311
1549,44.6311
1550,44.6311
1551,44.6311
1552,40.9453
1553,30.4463
1554,10.0278
1555,0
1556,0
1557,0
1558,0
1559,0
1560,0
1561,0
1562,0
1563,0
1564,0
1565,0
1566,0
1567,1.23902
1568,6.81858
1569,22.764
1570,36.3001
1571,44.6311
1572,44.6311
1573,44.6311
1574,44.6311
1575,44.6311
1576,39.3901
1577,25.3033
1578,10.0321
1579,0
1580,0
1581,0
1582,0
1583,0
1584,0
1585,0
1586,0
1587,0
1588,0
1589,0
1590,0
1591,1.42171
1592,6.73112
1593,23.3356
1594,39.5914
1595,44.6311
1596,44.6311
1597,44.6311
1598,44.6311
1599,44.6311
1600,43.6305
1601,29.5766
1602,9.79666
1603,0
1604,0
1605,0
1606,0
1607,0
1608,0
1609,0
1610,0
1611,0
1612,0
1613,0
1614,0
1615,0.69807
1616,7.85288
1617,20.1672
1618,27.4053
1619,34.7277
1620,41.0744
1621,44.6311
1622,44.6311
1623,44.6311
1624,32.0539
1625,19.0448
1626,4.72094
1627,0
1628,0
1629,0
1630,0
1631,0
1632,0
1633,0
1634,0
1635,0
1636,0
1637,0
1638,0
1639,1.37103
1640,7.56377
1641,23.6325
1642,40.0756
1643,44.6311
1644,44.6311
1645,44.6311
1646,44.6311
1647,44.6311
1648,43.2943
1649,28.7501
1650,9.40056
1651,0
1652,0
1653,0
1654,0
1655,0
1656,0
1657,0
1658,0
1659,0
1660,0
1661,0
1662,0
1663,1.44584
1664,7.9062
1665,23.6452
1666,39.3934
1667,44.6311
1668,44.6311
1669,44.6311
1670,44.6311
1671,44.6311
1672,43.0623
1673,29.3509
1674,9.89348
1675,0
1676,0
1677,0
1678,0
1679,0
1680,0
1681,0
1682,0
1683,0
1684,0
1685,0
1686,0
1687,1.57703
1688,7.67037
1689,23.5741
1690,39.1717
1691,44.6311
1692,44.6311
1693,44.6311
1694,44.6311
1695,44.6311
1696,42.6767
1697,28.999
1698,9.86366
1699,0
1700,0
1701,0
1702,0
1703,0
1704,0
1705,0
1706,0
1707,0
1708,0
1709,0
1710,0
1711,1.72193
1712,7.83705
1713,23.469
1714,35.3331
1715,40.4323
1716,44.6311
1717,44.6311
1718,44.6311
1719,44.6311
1720,39.0766
1721,28.8249
1722,9.39046
1723,0
1724,0
1725,0
1726,0
1727,0
1728,0
1729,0
1730,0
1731,0
1732,0
1733,0
1734,0
1735,1.14522
1736,8.47661
1737,23.8459
1738,34.1393
1739,43.4261
1740,44.6311
1741,44.6311
1742,44.6311
1743,44.6311
1744,41.3442
1745,28.5256
1746,8.39189
1747,0
1748,0
1749,0
1750,0
1751,0
1752,0
1753,0
1754,0
1755,0
1756,0
1757,0
1758,0
1759,1.95983
1760,8.05686
1761,24.4129
1762,40.0681
1763,44.6311
1764,44.6311
1765,32.0957
1766,44.6311
1767,38.0587
1768,19.627
1769,14.7914
1770,2.86129
1771,0
1772,0
1773,0
1774,0
1775,0
1776,0
1777,0
1778,0
1779,0
1780,0
1781,0
1782,0
1783,1.98948
1784,8.72189
1785,24.7747
1786,40.4137
1787,44.6311
1788,44.6311
1789,44.6311
1790,41.4504
1791,21.6022
1792,24.5554
1793,28.4083
1794,8.67958
1795,0
1796,0
1797,0
1798,0
1799,0
1800,0
1801,0
1802,0
1803,0
1804,0
1805,0
1806,0
1807,2.10556
1808,9.23251
1809,25.4395
1810,41.0148
1811,44.6311
1812,44.6311
1813,44.6311
1814,44.6311
1815,44.6311
1816,39.193
1817,29.4973
1818,9.34967
1819,0
1820,0
1821,0
1822,0
1823,0
1824,0
1825,0
1826,0
1827,0
1828,0
1829,0
1830,0
1831,2.14524
1832,9.12014
1833,26.0873
1834,41.9849
1835,44.6311
1836,44.6311
1837,44.6311
1838,44.6311
1839,44.6311
1840,44.6311
1841,31.286
1842,10.7176
1843,0
1844,0
1845,0
1846,0
1847,0
1848,0
1849,0
1850,0
1851,0
1852,0
1853,0
1854,0
1855,2.37353
1856,9.0046
1857,26.7601
1858,43.0611
1859,44.6311
1860,44.6311
1861,44.6311
1862,41.6272
1863,44.6311
1864,16.055
1865,29.3062
1866,10.9366
1867,0
1868,0
1869,0
1870,0
1871,0
1872,0
1873,0
1874,0
1875,0
1876,0
1877,0
1878,0
1879,2.33459
1880,9.39821
1881,27.1721
1882,43.3989
1883,44.6311
1884,44.6311
1885,44.6311
1886,44.6311
1887,35.1243
1888,44.6311
1889,31.2755
1890,11.2543
1891,0
1892,0
1893,0
1894,0
1895,0
1896,0
1897,0
1898,0
1899,0
1900,0
1901,0
1902,0
1903,1.49741
1904,9.56666
1905,26.0154
1906,39.5397
1907,44.4833
1908,44.6311
1909,42.4385
1910,38.9369
1911,36.4213
1912,27.441
1913,14.5552
1914,1.76638
1915,0
1916,0
1917,0
1918,0
1919,0
1920,0
1921,0
1922,0
1923,0
1924,0
1925,0
1926,0
1927,1.60977
1928,9.3872
1929,11.6176
1930,32.9219
1931,24.6471
1932,18.8104
1933,44.6311
1934,44.6311
1935,44.6311
1936,44.6311
1937,32.4195
1938,11.9813
1939,0
1940,0
1941,0
1942,0
1943,0
1944,0
1945,0
1946,0
1947,0
1948,0
1949,0
1950,0
1951,2.39854
1952,9.68373
1953,26.1433
1954,40.2159
1955,44.6311
1956,44.6311
1957,44.6311
1958,44.6311
1959,44.6311
1960,44.6311
1961,30.5416
1962,9.81266
1963,0
1964,0
1965,0
1966,0
1967,0
1968,0
1969,0
1970,0
1971,0
1972,0
1973,0
1974,0
1975,2.47486
1976,11.4221
1977,26.2561
1978,40.4886
1979,44.5492
1980,44.6311
1981,44.6311
1982,44.6311
1983,44.6311
1984,44.6311
1985,30.9061
1986,10.6421
1987,0
1988,0
1989,0
1990,0
1991,0
1992,0
1993,0
1994,0
1995,0
1996,0
1997,0
1998,0
1999,2.50397
2000,10.0238
2001,26.82
2002,41.1838
2003,44.6311
2004,44.6311
2005,44.6311
2006,44.6311
2007,44.6311
2008,44.6311
2009,31.7706
2010,11.1528
2011,0
2012,0
2013,0
2014,0
2015,0
2016,0
2017,0
2018,0
2019,0
2020,0
2021,0
2022,0
2023,2.71392
2024,10.8064
2025,26.7228
2026,40.774
2027,44.6311
2028,44.6311
2029,39.1612
2030,44.6311
2031,44.6311
2032,44.6311
2033,30.2768
2034,9.6469
2035,0
2036,0
2037,0
2038,0
2039,0
2040,0
2041,0
2042,0
2043,0
2044,0
2045,0
2046,0
2047,2.48226
2048,10.3509
2049,27.8732
2050,43.0958
2051,44.6311
2052,44.6311
2053,44.6311
2054,35.0349
2055,44.6311
2056,15.8113
2057,12.5129
2058,4.64428
2059,0
2060,0
2061,0
2062,0
2063,0
2064,0
2065,0
2066,0
2067,0
2068,0
2069,0
2070,0
2071,2.02683
2072,10.1163
2073,24.9132
2074,38.6476
2075,44.6311
2076,44.6311
2077,44.6311
2078,44.6311
2079,28.3492
2080,26.2661
2081,5.4192
2082,1.3685
2083,0
2084,0
2085,0
2086,0
2087,0
2088,0
2089,0
2090,0
2091,0
2092,0
2093,0
2094,0
2095,1.34965
2096,7.28656
2097,26.2821
2098,36.1996
2099,44.6311
2100,44.6311
2101,44.6311
2102,44.6311
2103,41.9937
2104,36.8045
2105,28.7718
2106,9.15793
2107,0
2108,0
2109,0
2110,0
2111,0
2112,0
2113,0
2114,0
2115,0
2116,0
2117,0
2118,0
2119,2.73727
2120,11.6464
2121,28.9431
2122,43.684
2123,44.6311
2124,44.6311
2125,44.6311
2126,44.6311
2127,29.1287
2128,38.381
2129,31.1773
2130,10.4907
2131,0
2132,0
2133,0
2134,0
2135,0
2136,0
2137,0
2138,0
2139,0
2140,0
2141,0
2142,0
2143,2.7169
2144,11.8758
2145,28.9833
2146,43.3314
2147,44.6311
2148,44.6311
2149,44.6311
2150,44.6311
2151,44.6311
2152,42.9377
2153,30.6128
2154,10.0215
2155,0
2156,0
2157,0
2158,0
2159,0
2160,0
2161,0
2162,0
2163,0
2164,0
2165,0
2166,0
2167,2.88838
2168,12.0319
2169,29.3792
2170,44.1141
2171,44.6311
2172,44.6311
2173,44.6311
2174,44.6311
2175,44.6311
2176,44.6311
2177,31.7575
2178,11.6019
2179,0
2180,0
2181,0
2182,0
2183,0
2184,0
2185,0
2186,0
2187,0
2188,0
2189,0
2190,0
2191,2.46654
2192,11.9537
2193,29.2087
2194,43.5039
2195,44.6311
2196,44.6311
2197,44.6311
2198,25.5737
2199,17.3776
2200,43.9823
2201,28.7029
2202,5.19728
2203,0
2204,0
2205,0
2206,0
2207,0
2208,0
2209,0
2210,0
2211,0
2212,0
2213,0
2214,0
2215,2.86392
2216,12.8879
2217,29.356
2218,43.7104
2219,44.6311
2220,44.6311
2221,44.6311
2222,44.6311
2223,44.6311
2224,44.6311
2225,32.1525
2226,11.3173
2227,0
2228,0
2229,0
2230,0
2231,0
2232,0
2233,0
2234,0
2235,0
2236,0
2237,0
2238,0
2239,2.80114
2240,13.0455
2241,29.8581
2242,44.2156
2243,44.6311
2244,44.6311
2245,44.6311
2246,44.6311
2247,44.6311
2248,44.6311
2249,33.6456
2250,12.7502
2251,0
2252,0
2253,0
2254,0
2255,0
2256,0
2257,0
2258,0
2259,0
2260,0
2261,0
2262,0
2263,2.91278
2264,13.3537
2265,29.8029
2266,44.097
2267,44.6311
2268,44.6311
2269,44.6311
2270,44.6311
2271,44.6311
2272,44.6311
2273,33.068
2274,12.2237
2275,0
2276,0
2277,0
2278,0
2279,0
2280,0
2281,0
2282,0
2283,0
2284,0
2285,0
2286,0
2287,2.6898
2288,13.2898
2289,30.52
2290,44.6311
2291,44.6311
2292,44.6311
2293,44.6311
2294,44.6311
2295,44.6311
2296,44.6311
2297,35.3652
2298,14.426
2299,0
2300,0
2301,0
2302,0
2303,0
2304,0
2305,0
2306,0
2307,0
2308,0
2309,0
2310,0
2311,2.75126
2312,13.5422
2313,30.6098
2314,44.4932
2315,44.6311
2316,44.6311
2317,44.6311
2318,44.6311
2319,44.6311
2320,44.6311
2321,32.6321
2322,11.5696
2323,0
2324,0
2325,0
2326,0
2327,0
2328,0
2329,0
2330,0
2331,0
2332,0
2333,0
2334,0
2335,3.44595
2336,13.3212
2337,29.8867
2338,42.7209
2339,44.6311
2340,44.6311
2341,44.6311
2342,44.6311
2343,44.6311
2344,43.4277
2345,28.7911
2346,9.21012
2347,0
2348,0
2349,0
2350,0
2351,0
2352,0
2353,0
2354,0
2355,0
2356,0
2357,0
2358,0
2359,3.08806
2360,15.2029
2361,28.3535
2362,37.7985
2363,43.8114
2364,44.3552
2365,33.0189
2366,42.9256
2367,44.6311
2368,12.4137
2369,1.97821
2370,7.07588
2371,0
2372,0
2373,0
2374,0
2375,0
2376,0
2377,0
2378,0
2379,0
2380,0
2381,0
2382,0
2383,3.76696
2384,14.5899
2385,31.0611
2386,44.6311
2387,44.6311
2388,44.6311
2389,44.6311
2390,44.6311
2391,44.6311
2392,44.6311
2393,31.417
2394,11.32
2395,0
2396,0
2397,0
2398,0
2399,0
2400,0
2401,0
2402,0
2403,0
2404,0
2405,0
2406,0
2407,2.78909
2408,14.6811
2409,32.0531
2410,44.6311
2411,44.6311
2412,44.6311
2413,44.6311
2414,44.6311
2415,44.6311
2416,44.6311
2417,32.5662
2418,12.2719
2419,0
2420,0
2421,0
2422,0
2423,0
2424,0
2425,0
2426,0
2427,0
2428,0
2429,0
2430,0
2431,2.7597
2432,14.8889
2433,32.2401
2434,44.6311
2435,44.6311
2436,44.6311
2437,44.6311
2438,44.6311
2439,44.6311
2440,44.6311
2441,31.2591
2442,10.1323
2443,0
2444,0
2445,0
2446,0
2447,0
2448,0
2449,0
2450,0
2451,0
2452,0
2453,0
2454,0
2455,0.432679
2456,10.0531
2457,20.9916
2458,38.0708
2459,39.6288
2460,44.6311
2461,44.6311
2462,44.6311
2463,44.6311
2464,44.6311
2465,30.7005
2466,10.7288
2467,0
2468,0
2469,0
2470,0
2471,0
2472,0
2473,0
2474,0
2475,0
2476,0
2477,0
2478,0
2479,3.31191
2480,15.3024
2481,31.3563
2482,43.9105
2483,44.6311
2484,44.6311
2485,44.6311
2486,44.6311
2487,44.6311
2488,44.6311
2489,30.7762
2490,3.75951
2491,0
2492,0
2493,0
2494,0
2495,0
2496,0
2497,0
2498,0
2499,0
2500,0
2501,0
2502,0
2503,3.36179
2504,15.7431
2505,30.8962
2506,20.615
2507,21.43
2508,23.5386
2509,44.6311
2510,44.6311
2511,44.6311
2512,31.1409
2513,8.42377
2514,1.95919
2515,0
2516,0
2517,0
2518,0
2519,0
2520,0
2521,0
2522,0
2523,0
2524,0
2525,0
2526,0
2527,3.85312
2528,15.7181
2529,30.7639
2530,43.2652
2531,44.6311
2532,44.6311
2533,44.6311
2534,44.6311
2535,44.6311
2536,44.6311
2537,31.2003
2538,10.8746
2539,0
2540,0
2541,0
2542,0
2543,0
2544,0
2545,0
2546,0
2547,0
2548,0
2549,0
2550,0
2551,3.8942
2552,15.9065
2553,31.6291
2554,44.6311
2555,44.6311
2556,44.6311
2557,44.6311
2558,44.6311
2559,44.6311
2560,44.6311
2561,31.7363
2562,10.6305
2563,0
2564,0
2565,0
2566,0
2567,0
2568,0
2569,0
2570,0
2571,0
2572,0
2573,0
2574,0
2575,2.37583
2576,12.3543
2577,28.5156
2578,44.4272
2579,44.6311
2580,44.6311
2581,44.6311
2582,44.6311
2583,41.9279
2584,34.463
2585,24.5723
2586,8.29666
2587,0
2588,0
2589,0
2590,0
2591,0
2592,0
2593,0
2594,0
2595,0
2596,0
2597,0
2598,0
2599,4.46451
2600,16.9329
2601,31.3781
2602,43.6934
2603,44.6311
2604,44.6311
2605,44.6311
2606,44.6311
2607,44.6311
2608,12.956
2609,9.89756
2610,4.13089
2611,0
2612,0
2613,0
2614,0
2615,0
2616,0
2617,0
2618,0
2619,0
2620,0
2621,0
2622,0
2623,4.22627
2624,16.6303
2625,32.3193
2626,44.6311
2627,44.6311
2628,44.6311
2629,44.6311
2630,37.0781
2631,35.7774
2632,29.2976
2633,16.4003
2634,7.64848
2635,0
2636,0
2637,0
2638,0
2639,0
2640,0
2641,0
2642,0
2643,0
2644,0
2645,0
2646,0
2647,4.22511
2648,16.7686
2649,32.6545
2650,38.4689
2651,44.6311
2652,44.6311
2653,44.6311
2654,43.6301
2655,38.2291
2656,44.6311
2657,5.41155
2658,0.984509
2659,0
2660,0
2661,0
2662,0
2663,0
2664,0
2665,0
2666,0
2667,0
2668,0
2669,0
2670,0
2671,4.37519
2672,16.9436
2673,33.0673
2674,44.6311
2675,44.6311
2676,44.6311
2677,44.6311
2678,44.6311
2679,42.0272
2680,44.6311
2681,9.3678
2682,10.6523
2683,0
2684,0
2685,0
2686,0
2687,0
2688,0
2689,0
2690,0
2691,0
2692,0
2693,0
2694,0
2695,4.58218
2696,16.8329
2697,28.8351
2698,41.8085
2699,44.6311
2700,44.6311
2701,44.6311
2702,44.6311
2703,44.6311
2704,44.6311
2705,34.1905
2706,7.07758
2707,0
2708,0
2709,0
2710,0
2711,0
2712,0
2713,0
2714,0
2715,0
2716,0
2717,0
2718,0
2719,3.93279
2720,17.1559
2721,33.1399
2722,44.6311
2723,44.6311
2724,44.6311
2725,44.6311
2726,44.6311
2727,44.6311
2728,44.6311
2729,31.4428
2730,11.3425
2731,0
2732,0
2733,0
2734,0
2735,0
2736,0
2737,0
2738,0
2739,0
2740,0
2741,0
2742,0
2743,4.28718
2744,17.2813
2745,32.8926
2746,44.6311
2747,44.6311
2748,44.6311
2749,44.6311
2750,44.6311
2751,44.6311
2752,44.6311
2753,31.0451
2754,9.57277
2755,0
2756,0
2757,0
2758,0
2759,0
2760,0
2761,0
2762,0
2763,0
2764,0
2765,0
2766,0
2767,4.69719
2768,17.6609
2769,33.3434
2770,44.6311
2771,44.6311
2772,44.6311
2773,44.6311
2774,44.6311
2775,44.6311
2776,44.2973
2777,28.9702
2778,9.24282
2779,0
2780,0
2781,0
2782,0
2783,0
2784,0
2785,0
2786,0
2787,0
2788,0
2789,0
2790,0
2791,4.91209
2792,17.8021
2793,33.0716
2794,44.6311
2795,44.6311
2796,44.6311
2797,44.6311
2798,44.6311
2799,44.6311
2800,44.102
2801,28.9803
2802,9.19751
2803,0
2804,0
2805,0
2806,0
2807,0
2808,0
2809,0
2810,0
2811,0
2812,0
2813,0
2814,0
2815,5.16466
2816,17.3603
2817,33.2719
2818,44.6311
2819,44.6311
2820,44.6311
2821,44.6311
2822,44.6311
2823,44.6311
2824,43.9165
2825,28.8509
2826,5.5317
2827,0
2828,0
2829,0
2830,0
2831,0
2832,0
2833,0
2834,0
2835,0
2836,0
2837,0
2838,0
2839,4.17046
2840,18.1036
2841,34.7842
2842,44.6311
2843,44.6311
2844,44.6311
2845,44.6311
2846,44.6311
2847,44.6311
2848,44.6311
2849,32.0377
2850,11.4656
2851,0
2852,0
2853,0
2854,0
2855,0
2856,0
2857,0
2858,0
2859,0
2860,0
2861,0
2862,0
2863,4.76552
2864,13.9513
2865,25.8064
2866,44.6311
2867,44.6311
2868,44.6311
2869,44.6311
2870,44.6311
2871,44.6311
2872,44.6311
2873,33.0739
2874,12.9204
2875,0
2876,0
2877,0
2878,0
2879,0
2880,0
2881,0
2882,0
2883,0
2884,0
2885,0
2886,0
2887,4.51394
2888,18.2157
2889,32.1784
2890,36.6535
2891,44.6311
2892,44.6311
2893,44.4086
2894,44.6311
2895,44.6311
2896,36.9048
2897,23.8852
2898,12.0942
2899,0
2900,0
2901,0
2902,0
2903,0
2904,0
2905,0
2906,0
2907,0
2908,0
2909,0
2910,0
2911,3.96701
2912,18.5958
2913,35.1331
2914,44.6311
2915,44.6311
2916,44.6311
2917,44.6311
2918,44.6311
2919,44.6311
2920,44.6311
2921,33.9963
2922,14.0964
2923,0
2924,0
2925,0
2926,0
2927,0
2928,0
2929,0
2930,0
2931,0
2932,0
2933,0
2934,0
2935,4.12071
2936,18.2807
2937,33.9096
2938,41.6343
2939,44.6311
2940,44.6311
2941,44.6311
2942,44.1273
2943,34.4591
2944,32.6314
2945,23.7478
2946,12.5926
2947,0
2948,0
2949,0
2950,0
2951,0
2952,0
2953,0
2954,0
2955,0
2956,0
2957,0
2958,0
2959,4.04816
2960,17.9995
2961,31.0334
2962,41.0968
2963,44.6311
2964,44.6311
2965,31.9186
2966,44.6311
2967,44.3992
2968,25.1208
2969,32.3991
2970,12.7999
2971,0
2972,0
2973,0
2974,0
2975,0
2976,0
2977,0
2978,0
2979,0
2980,0
2981,0
2982,0
2983,4.41522
2984,17.7591
2985,32.7634
2986,39.1465
2987,44.6311
2988,43.3641
2989,42.1159
2990,27.9179
2991,18.6315
2992,30.5748
2993,16.2684
2994,2.27386
2995,0
2996,0
2997,0
2998,0
2999,0
3000,0
3001,0
3002,0
3003,0
3004,0
3005,0
3006,0
3007,4.19491
3008,16.4539
3009,29.6108
3010,41.4889
3011,44.6311
3012,44.6311
3013,44.6311
3014,44.6311
3015,44.6311
3016,27.6894
3017,24.249
3018,13.378
3019,0
3020,0
3021,0
3022,0
3023,0
3024,0
3025,0
3026,0
3027,0
3028,0
3029,0
3030,0
3031,4.74636
3032,18.8937
3033,35.0752
3034,44.6311
3035,44.6311
3036,44.6311
3037,44.6311
3038,44.6311
3039,30.4013
3040,44.6311
3041,34.0535
3042,13.9816
3043,0
3044,0
3045,0
3046,0
3047,0
3048,0
3049,0
3050,0
3051,0
3052,0
3053,0
3054,0
3055,5.03107
3056,18.6631
3057,25.5645
3058,37.6517
3059,28.4292
3060,44.6311
3061,44.6311
3062,44.6311
3063,37.4821
3064,33.1146
3065,29.5614
3066,11.8245
3067,0
3068,0
3069,0
3070,0
3071,0
3072,0
3073,0
3074,0
3075,0
3076,0
3077,0
3078,0
3079,4.50763
3080,16.7554
3081,34.0558
3082,42.1129
3083,40.1497
3084,36.9355
3085,42.6911
3086,44.6311
3087,39.7039
3088,44.5977
3089,30.5333
3090,11.0903
3091,0
3092,0
3093,0
3094,0
3095,0
3096,0
3097,0
3098,0
3099,0
3100,0
3101,0
3102,0
3103,4.92689
3104,19.3815
3105,35.9448
3106,44.6311
3107,44.6311
3108,44.6311
3109,44.6311
3110,44.6311
3111,36.9573
3112,24.4185
3113,10.3274
3114,2.14138
3115,0
3116,0
3117,0
3118,0
3119,0
3120,0
3121,0
3122,0
3123,0
3124,0
3125,0
3126,0
3127,4.96898
3128,19.3856
3129,35.7187
3130,44.6311
3131,44.6311
3132,44.6311
3133,44.6311
3134,33.938
3135,38.3789
3136,3.27123
3137,1.69776
3138,1.36239
3139,0
3140,0
3141,0
3142,0
3143,0
3144,0
3145,0
3146,0
3147,0
3148,0
3149,0
3150,0
3151,5.31419
3152,19.4609
3153,34.1342
3154,40.9048
3155,41.5602
3156,44.6311
3157,37.2918
3158,29.8567
3159,42.6093
3160,42.3848
3161,25.6992
3162,7.38405
3163,0
3164,0
3165,0
3166,0
3167,0
3168,0
3169,0
3170,0
3171,0
3172,0
3173,0
3174,0
3175,5.29613
3176,19.6129
3177,35.7456
3178,44.6311
3179,44.6311
3180,44.6311
3181,44.6311
3182,44.6311
3183,34.4864
3184,44.6311
3185,33.4389
3186,13.669
3187,0
3188,0
3189,0
3190,0
3191,0
3192,0
3193,0
3194,0
3195,0
3196,0
3197,0
3198,0
3199,5.26201
3200,19.6937
3201,35.8666
3202,44.6311
3203,44.6311
3204,44.6311
3205,44.6311
3206,44.6311
3207,44.6311
3208,44.6311
3209,34.2927
3210,14.6777
3211,0
3212,0
3213,0
3214,0
3215,0
3216,0
3217,0
3218,0
3219,0
3220,0
3221,0
3222,0
3223,4.93834
3224,14.8362
3225,29.5108
3226,39.7361
3227,35.4781
3228,44.6311
3229,44.6311
3230,44.069
3231,21.4493
3232,20.5564
3233,15.2552
3234,10.2355
3235,0
3236,0
3237,0
3238,0
3239,0
3240,0
3241,0
3242,0
3243,0
3244,0
3245,0
3246,0
3247,5.19671
3248,19.8089
3249,29.0113
3250,38.3716
3251,43.0122
3252,44.6311
3253,44.6311
3254,44.6311
3255,44.6311
3256,36.3084
3257,22.7219
3258,11.0492
3259,0
3260,0
3261,0
3262,0
3263,0
3264,0
3265,0
3266,0
3267,0
3268,0
3269,0
3270,0
3271,5.22952
3272,20.1689
3273,36.3322
3274,42.7585
3275,44.6311
3276,44.6311
3277,39.3168
3278,44.6311
3279,44.6311
3280,44.6311
3281,34.4462
3282,14.7735
3283,0
3284,0
3285,0
3286,0
3287,0
3288,0
3289,0
3290,0
3291,0
3292,0
3293,0
3294,0
3295,5.10575
3296,9.81744
3297,19.4292
3298,27.6881
3299,44.6311
3300,44.6311
3301,44.6311
3302,44.6311
3303,44.6311
3304,44.6311
3305,26.3065
3306,13.4173
3307,0
3308,0
3309,0
3310,0
3311,0
3312,0
3313,0
3314,0
3315,0
3316,0
3317,0
3318,0
3319,5.06307
3320,11.4721
3321,17.3564
3322,31.911
3323,39.7532
3324,44.6311
3325,44.6311
3326,40.4374
3327,44.6311
3328,40.2634
3329,29.2674
3330,10.8571
3331,0
3332,0
3333,0
3334,0
3335,0
3336,0
3337,0
3338,0
3339,0
3340,0
3341,0
3342,0
3343,5.77203
3344,20.2491
3345,36.3151
3346,44.6311
3347,44.6311
3348,44.6311
3349,44.6311
3350,44.6311
3351,44.2166
3352,44.2515
3353,20.8339
3354,8.65646
3355,0
3356,0
3357,0
3358,0
3359,0
3360,0
3361,0
3362,0
3363,0
3364,0
3365,0
3366,0
3367,5.60351
3368,18.893
3369,33.0551
3370,36.5337
3371,44.1812
3372,44.6311
3373,44.6311
3374,44.6311
3375,44.6311
3376,44.573
3377,29.4909
3378,10.0515
3379,0
3380,0
3381,0
3382,0
3383,0
3384,0
3385,0
3386,0
3387,0
3388,0
3389,0
3390,0
3391,5.99015
3392,20.2521
3393,35.6437
3394,44.6311
3395,44.6311
3396,44.6311
3397,44.6311
3398,44.6311
3399,44.6311
3400,40.4571
3401,24.6591
3402,13.141
3403,0
3404,0
3405,0
3406,0
3407,0
3408,0
3409,0
3410,0
3411,0
3412,0
3413,0
3414,0
3415,6.42505
3416,20.0777
3417,35.1697
3418,44.6311
3419,44.6311
3420,44.6311
3421,44.6311
3422,43.3595
3423,44.6311
3424,44.6311
3425,35.0472
3426,15.972
3427,0
3428,0
3429,0
3430,0
3431,0
3432,0
3433,0
3434,0
3435,0
3436,0
3437,0
3438,0
3439,5.66656
3440,19.1691
3441,33.2656
3442,44.6311
3443,44.6311
3444,44.6311
3445,44.6311
3446,44.6311
3447,44.6311
3448,44.6311
3449,18.6287
3450,0.365
3451,0
3452,0
3453,0
3454,0
3455,0
3456,0
3457,0
3458,0
3459,0
3460,0
3461,0
3462,0
3463,6.00626
3464,20.3234
3465,35.774
3466,44.6311
3467,44.6311
3468,44.6311
3469,40.5919
3470,34.7628
3471,38.8731
3472,42.4928
3473,25.691
3474,12.3859
3475,0
3476,0
3477,0
3478,0
3479,0
3480,0
3481,0
3482,0
3483,0
3484,0
3485,0
3486,0
3487,5.99462
3488,20.4923
3489,36.1351
3490,44.6311
3491,44.6311
3492,44.6311
3493,42.3767
3494,42.1863
3495,38.3348
3496,11.4264
3497,7.23554
3498,7.73683
3499,0
3500,0
3501,0
3502,0
3503,0
3504,0
3505,0
3506,0
3507,0
3508,0
3509,0
3510,0
3511,6.49243
3512,20.2891
3513,35.3673
3514,44.6311
3515,44.6311
3516,44.6311
3517,44.6311
3518,44.6311
3519,44.6311
3520,44.6311
3521,30.1154
3522,15.6863
3523,0
3524,0
3525,0
3526,0
3527,0
3528,0
3529,0
3530,0
3531,0
3532,0
3533,0
3534,0
3535,5.97634
3536,20.738
3537,35.2314
3538,42.195
3539,44.6311
3540,44.6311
3541,44.6311
3542,44.6311
3543,41.9067
3544,44.6311
3545,31.6416
3546,15.0074
3547,0
3548,0
3549,0
3550,0
3551,0
3552,0
3553,0
3554,0
3555,0
3556,0
3557,0
3558,0
3559,6.09171
3560,18.7656
3561,33.616
3562,44.6311
3563,37.4204
3564,36.1341
3565,44.6311
3566,43.5386
3567,44.6311
3568,2.77088
3569,5.31896
3570,3.14863
3571,0
3572,0
3573,0
3574,0
3575,0
3576,0
3577,0
3578,0
3579,0
3580,0
3581,0
3582,0
3583,5.81907
3584,20.8061
3585,36.6153
3586,39.2115
3587,44.1354
3588,40.0055
3589,44.6311
3590,28.8566
3591,37.9036
3592,28.3789
3593,7.587
3594,4.60514
3595,0
3596,0
3597,0
3598,0
3599,0
3600,0
3601,0
3602,0
3603,0
3604,0
3605,0
3606,0
3607,5.57885
3608,17.5017
3609,22.9913
3610,38.2235
3611,44.6311
3612,44.6311
3613,44.6311
3614,41.7582
3615,43.5806
3616,18.3467
3617,11.2993
3618,1.37744
3619,0
3620,0
3621,0
3622,0
3623,0
3624,0
3625,0
3626,0
3627,0
3628,0
3629,0
3630,0
3631,5.94444
3632,20.111
3633,35.3225
3634,44.6311
3635,44.6311
3636,44.6311
3637,44.6311
3638,44.6311
3639,36.3289
3640,32.0771
3641,25.4419
3642,10.379
3643,0
3644,0
3645,0
3646,0
3647,0
3648,0
3649,0
3650,0
3651,0
3652,0
3653,0
3654,0
3655,6.20888
3656,20.3454
3657,35.3479
3658,38.0286
3659,44.6311
3660,44.6311
3661,44.6311
3662,42.79
3663,38.5618
3664,44.6311
3665,33.9871
3666,15.7013
3667,0
3668,0
3669,0
3670,0
3671,0
3672,0
3673,0
3674,0
3675,0
3676,0
3677,0
3678,0
3679,1.14364
3680,8.3766
3681,18.9908
3682,32.7151
3683,42.7032
3684,44.6311
3685,44.6311
3686,44.6311
3687,10.9877
3688,13.2038
3689,25.5675
3690,14.23
3691,0
3692,0
3693,0
3694,0
3695,0
3696,0
3697,0
3698,0
3699,0
3700,0
3701,0
3702,0
3703,6.01748
3704,20.6392
3705,36.3112
3706,44.6311
3707,44.6311
3708,44.6311
3709,44.6311
3710,44.6311
3711,44.6311
3712,44.6311
3713,25.8551
3714,4.05067
3715,0
3716,0
3717,0
3718,0
3719,0
3720,0
3721,0
3722,0
3723,0
3724,0
3725,0
3726,0
3727,5.85689
3728,20.4223
3729,36.1995
3730,44.6311
3731,44.6311
3732,44.6311
3733,44.6311
3734,44.6311
3735,44.6311
3736,44.6311
3737,20.5984
3738,9.48071
3739,0
3740,0
3741,0
3742,0
3743,0
3744,0
3745,0
3746,0
3747,0
3748,0
3749,0
3750,0
3751,5.44078
3752,20.3765
3753,36.0801
3754,38.1465
3755,31.7206
3756,44.6311
3757,44.6311
3758,44.6311
3759,44.6311
3760,44.6311
3761,34.5364
3762,1.8272
3763,0
3764,0
3765,0
3766,0
3767,0
3768,0
3769,0
3770,0
3771,0
3772,0
3773,0
3774,0
3775,5.4575
3776,19.9564
3777,32.3781
3778,38.6285
3779,44.6311
3780,44.6311
3781,44.6311
3782,44.6311
3783,6.76661
3784,2.33196
3785,17.0414
3786,6.48084
3787,0
3788,0
3789,0
3790,0
3791,0
3792,0
3793,0
3794,0
3795,0
3796,0
3797,0
3798,0
3799,6.85699
3800,16.9901
3801,28.0875
3802,44.6311
3803,44.6311
3804,41.1444
3805,44.6311
3806,44.6311
3807,41.9779
3808,27.9545
3809,25.1204
3810,8.63941
3811,0
3812,0
3813,0
3814,0
3815,0
3816,0
3817,0
3818,0
3819,0
3820,0
3821,0
3822,0
3823,0.19052
3824,5.93273
3825,23.1278
3826,44.6311
3827,44.6311
3828,44.6311
3829,44.6311
3830,44.6311
3831,44.6311
3832,44.6311
3833,10.1847
3834,11.8793
3835,0
3836,0
3837,0
3838,0
3839,0
3840,0
3841,0
3842,0
3843,0
3844,0
3845,0
3846,0
3847,0.190327
3848,8.89827
3849,1.76666
3850,5.01881
3851,14.0611
3852,36.731
3853,31.477
3854,7.46456
3855,21.7677
3856,5.8535
3857,9.56125
3858,5.25272
3859,0
3860,0
3861,0
3862,0
3863,0
3864,0
3865,0
3866,0
3867,0
3868,0
3869,0
3870,0
3871,0.441112
3872,3.23552
3873,23.7764
3874,26.8378
3875,34.7903
3876,44.6311
3877,44.6311
3878,44.6311
3879,44.6311
3880,44.6311
3881,26.2125
3882,12.3821
3883,0
3884,0
3885,0
3886,0
3887,0
3888,0
3889,0
3890,0
3891,0
3892,0
3893,0
3894,0
3895,5.02285
3896,13.5795
3897,17.1492
3898,40.2049
3899,44.5117
3900,37.0466
3901,44.6311
3902,44.6311
3903,34.5212
3904,37.546
3905,21.3989
3906,9.41831
3907,0
3908,0
3909,0
3910,0
3911,0
3912,0
3913,0
3914,0
3915,0
3916,0
3917,0
3918,0
3919,0.254934
3920,5.75403
3921,5.01163
3922,13.0365
3923,25.0295
3924,32.2896
3925,44.6311
3926,34.4337
3927,25.3305
3928,14.9699
3929,7.17325
3930,3.05212
3931,0
3932,0
3933,0
3934,0
3935,0
3936,0
3937,0
3938,0
3939,0
3940,0
3941,0
3942,0
3943,0.635083
3944,14.1009
3945,29.8067
3946,38.3409
3947,41.7237
3948,44.6311
3949,44.6311
3950,44.6311
3951,44.6311
3952,2.23788
3953,15.1071
3954,7.13398
3955,0
3956,0
3957,0
3958,0
3959,0
3960,0
3961,0
3962,0
3963,0
3964,0
3965,0
3966,0
3967,6.65322
3968,19.2505
3969,28.0164
3970,32.8078
3971,44.6311
3972,44.6311
3973,44.6311
3974,44.6311
3975,41.036
3976,30.3587
3977,13.2365
3978,12.6628
3979,0
3980,0
3981,0
3982,0
3983,0
3984,0
3985,0
3986,0
3987,0
3988,0
3989,0
3990,0
3991,5.58944
3992,20.0019
3993,32.3762
3994,37.2287
3995,39.9851
3996,44.6311
3997,25.3026
3998,42.9676
3999,42.7829
4000,35.4158
4001,25.7173
4002,4.08384
4003,0
4004,0
4005,0
4006,0
4007,0
4008,0
4009,0
4010,0
4011,0
4012,0
4013,0
4014,0
4015,5.5448
4016,18.3068
4017,31.6122
4018,39.6505
4019,42.3125
4020,44.6311
4021,44.6311
4022,11.6109
4023,3.12632
4024,4.66496
4025,8.25062
4026,2.60904
4027,0
4028,0
4029,0
4030,0
4031,0
4032,0
4033,0
4034,0
4035,0
4036,0
4037,0
4038,0
4039,1.21417
4040,2.14256
4041,7.21564
4042,3.07569
4043,7.99929
4044,4.82678
4045,10.1343
4046,4.39723
4047,6.76793
4048,4.28527
4049,11.319
4050,3.11316
4051,0
4052,0
4053,0
4054,0
4055,0
4056,0
4057,0
4058,0
4059,0
4060,0
4061,0
4062,0
4063,0.191528
4064,14.0011
4065,19.9835
4066,23.2294
4067,30.8308
4068,32.4827
4069,35.2566
4070,24.7405
4071,14.273
4072,5.15641
4073,5.73248
4074,1.81219
4075,0
4076,0
4077,0
4078,0
4079,0
4080,0
4081,0
4082,0
4083,0
4084,0
4085,0
4086,0
4087,5.55094
4088,10.5222
4089,3.04451
4090,23.2137
4091,25.7573
4092,21.6407
4093,22.6715
4094,11.2956
4095,28.5172
4096,5.10378
4097,9.36151
4098,3.12369
4099,0
4100,0
4101,0
4102,0
4103,0
4104,0
4105,0
4106,0
4107,0
4108,0
4109,0
4110,0
4111,1.74433
4112,10.765
4113,22.2735
4114,29.3479
4115,37.1978
4116,31.9119
4117,24.5841
4118,15.8211
4119,33.7802
4120,20.2797
4121,22.1992
4122,11.0109
4123,0
4124,0
4125,0
4126,0
4127,0
4128,0
4129,0
4130,0
4131,0
4132,0
4133,0
4134,0
4135,0.443278
4136,3.89475
4137,21.381
4138,35.1316
4139,29.1375
4140,44.6311
4141,39.6614
4142,31.4578
4143,30.0395
4144,7.529
4145,0.963317
4146,3.05582
4147,0
4148,0
4149,0
4150,0
4151,0
4152,0
4153,0
4154,0
4155,0
4156,0
4157,0
4158,0
4159,1.68371
4160,8.32828
4161,9.60525
4162,29.9137
4163,30.0082
4164,34.9504
4165,44.6311
4166,44.6311
4167,44.6311
4168,37.6221
4169,24.351
4170,10.7518
4171,0
4172,0
4173,0
4174,0
4175,0
4176,0
4177,0
4178,0
4179,0
4180,0
4181,0
4182,0
4183,4.20434
4184,19.2154
4185,34.3025
4186,44.6311
4187,44.6311
4188,44.6311
4189,44.6311
4190,44.6311
4191,44.6311
4192,44.6311
4193,32.7162
4194,12.2466
4195,0
4196,0
4197,0
4198,0
4199,0
4200,0
4201,0
4202,0
4203,0
4204,0
4205,0
4206,0
4207,5.46716
4208,19.8123
4209,35.715
4210,44.6311
4211,44.6311
4212,44.6311
4213,44.6311
4214,44.6311
4215,44.6311
4216,22.4697
4217,36.4663
4218,18.4539
4219,0
4220,0
4221,0
4222,0
4223,0
4224,0
4225,0
4226,0
4227,0
4228,0
4229,0
4230,0
4231,5.76751
4232,19.7622
4233,35.4553
4234,44.6311
4235,44.2009
4236,44.6311
4237,44.6311
4238,44.6311
4239,44.6311
4240,44.6311
4241,26.858
4242,9.61785
4243,0
4244,0
4245,0
4246,0
4247,0
4248,0
4249,0
4250,0
4251,0
4252,0
4253,0
4254,0
4255,5.55957
4256,19.3663
4257,33.9842
4258,44.6311
4259,44.6311
4260,44.6311
4261,44.6311
4262,44.6311
4263,44.6311
4264,44.6311
4265,35.659
4266,17.3981
4267,0
4268,0
4269,0
4270,0
4271,0
4272,0
4273,0
4274,0
4275,0
4276,0
4277,0
4278,0
4279,5.28077
4280,19.0496
4281,33.7951
4282,44.6311
4283,29.5717
4284,30.1698
4285,44.6311
4286,44.6311
4287,35.4232
4288,29.2057
4289,12.5397
4290,5.54514
4291,0
4292,0
4293,0
4294,0
4295,0
4296,0
4297,0
4298,0
4299,0
4300,0
4301,0
4302,0
4303,5.53973
4304,19.0951
4305,34.2195
4306,44.6311
4307,43.7796
4308,37.0811
4309,44.6311
4310,44.6311
4311,37.0876
4312,34.5811
4313,18.1966
4314,7.71334
4315,0
4316,0
4317,0
4318,0
4319,0
4320,0
4321,0
4322,0
4323,0
4324,0
4325,0
4326,0
4327,1.35067
4328,0.637867
4329,3.2651
4330,2.88863
4331,4.18564
4332,5.45701
4333,6.90216
4334,15.4637
4335,12.8144
4336,9.08041
4337,8.46857
4338,4.61254
4339,0
4340,0
4341,0
4342,0
4343,0
4344,0
4345,0
4346,0
4347,0
4348,0
4349,0
4350,0
4351,2.75189
4352,16.3534
4353,33.8964
4354,44.6311
4355,44.6311
4356,44.6311
4357,44.6311
4358,44.6311
4359,27.5745
4360,44.6311
4361,33.9514
4362,16.3693
4363,0
4364,0
4365,0
4366,0
4367,0
4368,0
4369,0
4370,0
4371,0
4372,0
4373,0
4374,0
4375,4.40226
4376,17.734
4377,29.088
4378,36.3383
4379,44.6311
4380,44.6311
4381,44.6311
4382,35.8102
4383,40.1896
4384,37.5356
4385,6.61692
4386,0.69873
4387,0
4388,0
4389,0
4390,0
4391,0
4392,0
4393,0
4394,0
4395,0
4396,0
4397,0
4398,0
4399,4.62577
4400,11.4822
4401,31.2958
4402,39.4553
4403,44.6311
4404,44.6311
4405,13.3631
4406,13.2899
4407,15.5418
4408,2.63986
4409,10.5497
4410,4.14923
4411,0
4412,0
4413,0
4414,0
4415,0
4416,0
4417,0
4418,0
4419,0
4420,0
4421,0
4422,0
4423,4.94996
4424,16.8588
4425,29.3261
4426,39.4463
4427,44.6311
4428,44.6311
4429,38.089
4430,44.6311
4431,44.6311
4432,17.839
4433,8.53016
4434,0.911346
4435,0
4436,0
4437,0
4438,0
4439,0
4440,0
4441,0
4442,0
4443,0
4444,0
4445,0
4446,0
4447,2.53212
4448,7.98611
4449,10.348
4450,24.0989
4451,35.753
4452,44.6311
4453,44.6311
4454,44.6311
4455,40.9787
4456,32.1597
4457,32.967
4458,8.64513
4459,0
4460,0
4461,0
4462,0
4463,0
4464,0
4465,0
4466,0
4467,0
4468,0
4469,0
4470,0
4471,4.86962
4472,17.6409
4473,28.3399
4474,42.2394
4475,44.6311
4476,44.6311
4477,44.6311
4478,44.6311
4479,44.6311
4480,37.771
4481,17.1142
4482,3.68665
4483,0
4484,0
4485,0
4486,0
4487,0
4488,0
4489,0
4490,0
4491,0
4492,0
4493,0
4494,0
4495,4.78473
4496,17.6923
4497,31.6816
4498,42.65
4499,44.6311
4500,44.6311
4501,44.6311
4502,44.6311
4503,24.3583
4504,19.1735
4505,34.0947
4506,14.1827
4507,0
4508,0
4509,0
4510,0
4511,0
4512,0
4513,0
4514,0
4515,0
4516,0
4517,0
4518,0
4519,4.73446
4520,14.3379
4521,29.8057
4522,42.7031
4523,44.6311
4524,44.6311
4525,44.6311
4526,44.6311
4527,44.6311
4528,37.253
4529,28.8866
4530,17.1045
4531,0
4532,0
4533,0
4534,0
4535,0
4536,0
4537,0
4538,0
4539,0
4540,0
4541,0
4542,0
4543,4.6625
4544,18.2078
4545,31.4473
4546,43.3479
4547,44.6311
4548,44.6311
4549,44.6311
4550,44.6311
4551,44.6311
4552,31.125
4553,22.0316
4554,10.5093
4555,0
4556,0
4557,0
4558,0
4559,0
4560,0
4561,0
4562,0
4563,0
4564,0
4565,0
4566,0
4567,2.72696
4568,11.2261
4569,25.4788
4570,35.8423
4571,44.6311
4572,41.2198
4573,44.6311
4574,44.6311
4575,44.6311
4576,44.6311
4577,34.5087
4578,17.4031
4579,0
4580,0
4581,0
4582,0
4583,0
4584,0
4585,0
4586,0
4587,0
4588,0
4589,0
4590,0
4591,4.6808
4592,18.0762
4593,32.7618
4594,41.3308
4595,44.6311
4596,44.6311
4597,44.6311
4598,44.6311
4599,44.5351
4600,33.141
4601,6.60126
4602,0.571468
4603,0
4604,0
4605,0
4606,0
4607,0
4608,0
4609,0
4610,0
4611,0
4612,0
4613,0
4614,0
4615,4.53775
4616,11.1891
4617,28.4575
4618,42.8409
4619,44.6311
4620,44.6311
4621,44.6311
4622,44.6311
4623,44.6311
4624,41.2074
4625,29.4892
4626,2.7569
4627,0
4628,0
4629,0
4630,0
4631,0
4632,0
4633,0
4634,0
4635,0
4636,0
4637,0
4638,0
4639,5.04317
4640,17.6493
4641,30.5336
4642,37.9538
4643,44.6311
4644,41.0181
4645,33.7213
4646,44.6311
4647,39.0763
4648,39.4592
4649,16.0065
4650,5.46474
4651,0
4652,0
4653,0
4654,0
4655,0
4656,0
4657,0
4658,0
4659,0
4660,0
4661,0
4662,0
4663,4.47414
4664,11.4479
4665,26.8564
4666,25.0185
4667,36.5853
4668,19.9012
4669,19.0167
4670,15.4106
4671,24.6743
4672,37.3564
4673,27.6698
4674,6.36128
4675,0
4676,0
4677,0
4678,0
4679,0
4680,0
4681,0
4682,0
4683,0
4684,0
4685,0
4686,0
4687,4.1243
4688,14.593
4689,28.132
4690,15.1522
4691,16.4016
4692,38.1512
4693,44.6311
4694,36.9743
4695,40.0198
4696,36.4498
4697,21.3355
4698,13.9621
4699,0
4700,0
4701,0
4702,0
4703,0
4704,0
4705,0
4706,0
4707,0
4708,0
4709,0
4710,0
4711,4.00844
4712,12.397
4713,21.9853
4714,32.9039
4715,38.3193
4716,43.4547
4717,44.6311
4718,41.061
4719,26.9969
4720,14.2267
4721,5.1341
4722,0.318715
4723,0
4724,0
4725,0
4726,0
4727,0
4728,0
4729,0
4730,0
4731,0
4732,0
4733,0
4734,0
4735,4.32602
4736,17.1568
4737,31.8815
4738,43.2844
4739,44.6311
4740,44.6311
4741,44.6311
4742,44.6311
4743,44.6311
4744,40.1379
4745,14.8834
4746,7.92006
4747,0
4748,0
4749,0
4750,0
4751,0
4752,0
4753,0
4754,0
4755,0
4756,0
4757,0
4758,0
4759,3.62591
4760,14.4042
4761,28.9502
4762,41.427
4763,43.5926
4764,44.6311
4765,44.6094
4766,39.6765
4767,40.8141
4768,37.3492
4769,15.7172
4770,18.7502
4771,0.0186794
4772,0
4773,0
4774,0
4775,0
4776,0
4777,0
4778,0
4779,0
4780,0
4781,0
4782,0
4783,4.32903
4784,15.2959
4785,27.0867
4786,27.1982
4787,24.6589
4788,44.6311
4789,44.6311
4790,31.4812
4791,43.1771
4792,23.884
4793,19.4596
4794,4.66858
4795,0
4796,0
4797,0
4798,0
4799,0
4800,0
4801,0
4802,0
4803,0
4804,0
4805,0
4806,0
4807,2.72253
4808,9.14309
4809,21.4287
4810,13.5562
4811,20.7152
4812,23.4979
4813,9.41544
4814,26.1031
4815,26.5863
4816,19.5919
4817,5.65384
4818,0.70059
4819,0
4820,0
4821,0
4822,0
4823,0
4824,0
4825,0
4826,0
4827,0
4828,0
4829,0
4830,0
4831,4.10261
4832,14.7319
4833,9.96393
4834,3.47248
4835,31.0469
4836,44.6311
4837,22.2704
4838,13.4972
4839,18.1934
4840,20.8107
4841,15.5538
4842,13.6932
4843,0
4844,0
4845,0
4846,0
4847,0
4848,0
4849,0
4850,0
4851,0
4852,0
4853,0
4854,0
4855,2.91427
4856,1.48257
4857,3.38733
4858,8.00397
4859,29.3275
4860,32.6177
4861,44.6311
4862,44.6311
4863,28.6613
4864,14.3986
4865,9.86001
4866,0.444566
4867,0
4868,0
4869,0
4870,0
4871,0
4872,0
4873,0
4874,0
4875,0
4876,0
4877,0
4878,0
4879,3.94537
4880,14.926
4881,29.3977
4882,35.1388
4883,44.6311
4884,31.58
4885,21.249
4886,41.3551
4887,44.0892
4888,37.4686
4889,22.8871
4890,9.27189
4891,0
4892,0
4893,0
4894,0
4895,0
4896,0
4897,0
4898,0
4899,0
4900,0
4901,0
4902,0
4903,4.0973
4904,15.2194
4905,21.1723
4906,26.0308
4907,35.7857
4908,33.6129
4909,41.8498
4910,41.4733
4911,43.1257
4912,40.5158
4913,27.4793
4914,18.2605
4915,0
4916,0
4917,0
4918,0
4919,0
4920,0
4921,0
4922,0
4923,0
4924,0
4925,0
4926,0
4927,3.64505
4928,14.5356
4929,21.433
4930,16.6607
4931,37.2663
4932,44.6311
4933,44.6311
4934,40.1618
4935,27.1789
4936,31.6577
4937,23.1
4938,13.3984
4939,0
4940,0
4941,0
4942,0
4943,0
4944,0
4945,0
4946,0
4947,0
4948,0
4949,0
4950,0
4951,0.190669
4952,1.8915
4953,1.99199
4954,3.35807
4955,6.6905
4956,9.5913
4957,16.9041
4958,24.5846
4959,4.62629
4960,11.7018
4961,5.80652
4962,7.84174
4963,0
4964,0
4965,0
4966,0
4967,0
4968,0
4969,0
4970,0
4971,0
4972,0
4973,0
4974,0
4975,0.374572
4976,7.43423
4977,3.52283
4978,11.3602
4979,16.1907
4980,28.7224
4981,25.2271
4982,12.6007
4983,6.31652
4984,3.11273
4985,4.11884
4986,8.96406
4987,0
4988,0
4989,0
4990,0
4991,0
4992,0
4993,0
4994,0
4995,0
4996,0
4997,0
4998,0
4999,1.07834
5000,5.03541
5001,20.3117
5002,15.863
5003,9.76953
5004,13.798
5005,27.317
5006,19.1597
5007,19.6692
5008,11.6877
5009,1.02573
5010,1.68817
5011,0
5012,0
5013,0
5014,0
5015,0
5016,0
5017,0
5018,0
5019,0
5020,0
5021,0
5022,0
5023,1.92643
5024,11.764
5025,17.7858
5026,27.4563
5027,25.023
5028,32.8148
5029,19.8932
5030,32.8759
5031,32.1798
5032,2.58222
5033,1.41827
5034,2.8321
5035,0
5036,0
5037,0
5038,0
5039,0
5040,0
5041,0
5042,0
5043,0
5044,0
5045,0
5046,0
5047,3.44155
5048,10.6668
5049,11.367
5050,24.2665
5051,31.8215
5052,27.6013
5053,36.5304
5054,33.0769
5055,12.5425
5056,15.907
5057,11.1293
5058,0.507419
5059,0
5060,0
5061,0
5062,0
5063,0
5064,0
5065,0
5066,0
5067,0
5068,0
5069,0
5070,0
5071,1.27036
5072,7.62852
5073,13.3503
5074,20.0288
5075,23.4383
5076,18.7377
5077,27.8299
5078,35.2458
5079,33.903
5080,15.1118
5081,8.7899
5082,4.21888
5083,0
5084,0
5085,0
5086,0
5087,0
5088,0
5089,0
5090,0
5091,0
5092,0
5093,0
5094,0
5095,1.06295
5096,6.24014
5097,23.1392
5098,32.2799
5099,40.9114
5100,44.6311
5101,44.6311
5102,44.6311
5103,44.6311
5104,44.6311
5105,32.4703
5106,14.9926
5107,0
5108,0
5109,0
5110,0
5111,0
5112,0
5113,0
5114,0
5115,0
5116,0
5117,0
5118,0
5119,0.191129
5120,0.901473
5121,6.7798
5122,35.383
5123,42.7715
5124,44.6311
5125,44.6311
5126,35.5938
5127,32.7706
5128,23.358
5129,9.82083
5130,3.27843
5131,0
5132,0
5133,0
5134,0
5135,0
5136,0
5137,0
5138,0
5139,0
5140,0
5141,0
5142,0
5143,3.73209
5144,13.4163
5145,26.556
5146,36.2098
5147,6.38627
5148,44.6311
5149,44.6311
5150,44.6311
5151,26.651
5152,19.5834
5153,22.7963
5154,6.55492
5155,0
5156,0
5157,0
5158,0
5159,0
5160,0
5161,0
5162,0
5163,0
5164,0
5165,0
5166,0
5167,3.51577
5168,15.7656
5169,29.3652
5170,39.1429
5171,43.6372
5172,44.6311
5173,20.1641
5174,44.6311
5175,41.7802
5176,37.3903
5177,14.316
5178,1.95873
5179,0
5180,0
5181,0
5182,0
5183,0
5184,0
5185,0
5186,0
5187,0
5188,0
5189,0
5190,0
5191,2.24333
5192,14.1226
5193,27.8573
5194,34.8143
5195,41.3459
5196,21.8898
5197,32.5394
5198,44.6311
5199,44.6311
5200,40.9971
5201,31.2356
5202,17.8736
5203,0
5204,0
5205,0
5206,0
5207,0
5208,0
5209,0
5210,0
5211,0
5212,0
5213,0
5214,0
5215,3.10593
5216,9.80584
5217,28.6568
5218,32.7414
5219,32.2444
5220,35.1167
5221,34.9437
5222,26.391
5223,31.1892
5224,38.2199
5225,10.4588
5226,0.512658
5227,0
5228,0
5229,0
5230,0
5231,0
5232,0
5233,0
5234,0
5235,0
5236,0
5237,0
5238,0
5239,3.64475
5240,10.4004
5241,11.8908
5242,19.4701
5243,24.8213
5244,44.6311
5245,39.9147
5246,37.3305
5247,29.9949
5248,29.0841
5249,15.8596
5250,5.59642
5251,0
5252,0
5253,0
5254,0
5255,0
5256,0
5257,0
5258,0
5259,0
5260,0
5261,0
5262,0
5263,1.93793
5264,1.89992
5265,2.93777
5266,17.1952
5267,15.9325
5268,10.0991
5269,6.57955
5270,9.07042
5271,3.77546
5272,3.47671
5273,4.9165
5274,1.29415
5275,0
5276,0
5277,0
5278,0
5279,0
5280,0
5281,0
5282,0
5283,0
5284,0
5285,0
5286,0
5287,0.191269
5288,0.903694
5289,2.13355
5290,5.17348
5291,4.95712
5292,11.7178
5293,18.6641
5294,17.1783
5295,11.2789
5296,12.201
5297,15.7064
5298,2.84424
5299,0
5300,0
5301,0
5302,0
5303,0
5304,0
5305,0
5306,0
5307,0
5308,0
5309,0
5310,0
5311,3.59698
5312,6.13518
5313,11.1472
5314,17.1534
5315,22.3682
5316,18.5381
5317,6.85051
5318,11.0699
5319,6.83766
5320,4.35648
5321,3.46039
5322,1.02843
5323,0
5324,0
5325,0
5326,0
5327,0
5328,0
5329,0
5330,0
5331,0
5332,0
5333,0
5334,0
5335,0.952959
5336,0.905041
5337,2.80994
5338,8.82289
5339,14.1417
5340,17.3553
5341,16.6535
5342,8.80787
5343,4.86401
5344,2.7389
5345,5.85972
5346,0.195514
5347,0
5348,0
5349,0
5350,0
5351,0
5352,0
5353,0
5354,0
5355,0
5356,0
5357,0
5358,0
5359,1.01722
5360,3.75073
5361,17.1428
5362,10.635
5363,11.6359
5364,11.747
5365,7.26514
5366,6.32656
5367,4.1126
5368,6.13652
5369,2.77674
5370,1.55652
5371,0
5372,0
5373,0
5374,0
5375,0
5376,0
5377,0
5378,0
5379,0
5380,0
5381,0
5382,0
5383,1.34287
5384,4.30324
5385,9.19139
5386,21.047
5387,25.3494
5388,19.1003
5389,30.872
5390,11.9681
5391,15.5565
5392,6.49383
5393,2.9804
5394,0.701677
5395,0
5396,0
5397,0
5398,0
5399,0
5400,0
5401,0
5402,0
5403,0
5404,0
5405,0
5406,0
5407,0.757862
5408,3.05793
5409,6.35372
5410,12.4168
5411,15.323
5412,22.6154
5413,26.6957
5414,18.7146
5415,8.98601
5416,12.4288
5417,5.42706
5418,0.319505
5419,0
5420,0
5421,0
5422,0
5423,0
5424,0
5425,0
5426,0
5427,0
5428,0
5429,0
5430,0
5431,0.252581
5432,10.8538
5433,20.1486
5434,21.8044
5435,38.5519
5436,41.4327
5437,37.76
5438,34.4535
5439,31.6058
5440,16.0479
5441,10.3763
5442,1.02594
5443,0
5444,0
5445,0
5446,0
5447,0
5448,0
5449,0
5450,0
5451,0
5452,0
5453,0
5454,0
5455,0.502928
5456,7.39574
5457,5.49059
5458,11.8024
5459,14.4518
5460,17.5114
5461,17.0909
5462,26.4756
5463,25.6915
5464,26.9494
5465,17.4044
5466,11.7737
5467,0
5468,0
5469,0
5470,0
5471,0
5472,0
5473,0
5474,0
5475,0
5476,0
5477,0
5478,0
5479,0.252629
5480,3.8822
5481,2.20072
5482,20.4936
5483,24.5573
5484,16.7068
5485,25.8466
5486,27.7462
5487,33.3635
5488,27.2439
5489,17.6472
5490,0.381533
5491,0
5492,0
5493,0
5494,0
5495,0
5496,0
5497,0
5498,0
5499,0
5500,0
5501,0
5502,0
5503,2.82332
5504,8.78976
5505,17.3353
5506,6.29335
5507,7.06158
5508,14.5198
5509,17.8261
5510,11.2772
5511,22.0145
5512,33.2234
5513,18.2037
5514,9.06124
5515,0
5516,0
5517,0
5518,0
5519,0
5520,0
5521,0
5522,0
5523,0
5524,0
5525,0
5526,0
5527,2.45645
5528,6.00804
5529,14.9386
5530,27.879
5531,30.0755
5532,13.1466
5533,20.0526
5534,24.5786
5535,6.22084
5536,4.02146
5537,3.53624
5538,4.0253
5539,0
5540,0
5541,0
5542,0
5543,0
5544,0
5545,0
5546,0
5547,0
5548,0
5549,0
5550,0
5551,0.190766
5552,1.03569
5553,1.86873
5554,3.43894
5555,4.8243
5556,9.06845
5557,13.8219
5558,7.82364
5559,9.74363
5560,4.35054
5561,14.6367
5562,4.58143
5563,0
5564,0
5565,0
5566,0
5567,0
5568,0
5569,0
5570,0
5571,0
5572,0
5573,0
5574,0
5575,1.73786
5576,9.85298
5577,14.1657
5578,11.9422
5579,31.4758
5580,35.7154
5581,39.3614
5582,32.4418
5583,10.551
5584,3.54204
5585,2.36941
5586,0.6341
5587,0
5588,0
5589,0
5590,0
5591,0
5592,0
5593,0
5594,0
5595,0
5596,0
5597,0
5598,0
5599,1.7721
5600,10.3755
5601,15.7959
5602,20.0663
5603,28.9619
5604,40.1755
5605,30.5522
5606,38.3674
5607,18.5344
5608,17.2185
5609,8.78773
5610,0.131007
5611,0
5612,0
5613,0
5614,0
5615,0
5616,0
5617,0
5618,0
5619,0
5620,0
5621,0
5622,0
5623,2.26669
5624,8.58644
5625,16.9206
5626,27.1577
5627,37.1798
5628,35.7954
5629,38.9333
5630,41.0523
5631,44.4066
5632,23.8168
5633,21.9574
5634,2.34556
5635,0
5636,0
5637,0
5638,0
5639,0
5640,0
5641,0
5642,0
5643,0
5644,0
5645,0
5646,0
5647,1.60172
5648,7.48293
5649,18.7037
5650,29.4362
5651,36.8702
5652,39.6385
5653,42.6371
5654,37.0535
5655,33.0999
5656,20.5271
5657,15.6243
5658,10.0935
5659,0
5660,0
5661,0
5662,0
5663,0
5664,0
5665,0
5666,0
5667,0
5668,0
5669,0
5670,0
5671,1.60411
5672,8.38722
5673,16.0219
5674,18.7247
5675,24.0491
5676,27.2421
5677,17.926
5678,27.5205
5679,23.1436
5680,22.2161
5681,14.1036
5682,1.60914
5683,0
5684,0
5685,0
5686,0
5687,0
5688,0
5689,0
5690,0
5691,0
5692,0
5693,0
5694,0
5695,0.629351
5696,5.46804
5697,6.76586
5698,7.42073
5699,14.1586
5700,15.247
5701,26.8761
5702,18.1077
5703,13.2917
5704,4.50126
5705,1.16642
5706,0.504484
5707,0
5708,0
5709,0
5710,0
5711,0
5712,0
5713,0
5714,0
5715,0
5716,0
5717,0
5718,0
5719,3.0925
5720,11.3568
5721,19.8409
5722,21.5778
5723,24.5123
5724,44.6311
5725,36.5042
5726,20.6773
5727,29.6592
5728,21.0075
5729,18.3318
5730,5.46783
5731,0
5732,0
5733,0
5734,0
5735,0
5736,0
5737,0
5738,0
5739,0
5740,0
5741,0
5742,0
5743,3.24047
5744,13.5022
5745,27.6605
5746,37.4026
5747,44.6311
5748,44.6311
5749,44.6311
5750,44.6311
5751,42.9327
5752,28.945
5753,19.1067
5754,7.20548
5755,0
5756,0
5757,0
5758,0
5759,0
5760,0
5761,0
5762,0
5763,0
5764,0
5765,0
5766,0
5767,2.96851
5768,14.6673
5769,29.0751
5770,38.7001
5771,44.6311
5772,44.6311
5773,44.6311
5774,44.6311
5775,44.6311
5776,36.7244
5777,15.7323
5778,8.11024
5779,0
5780,0
5781,0
5782,0
5783,0
5784,0
5785,0
5786,0
5787,0
5788,0
5789,0
5790,0
5791,3.18248
5792,14.7456
5793,29.2978
5794,40.3788
5795,44.6311
5796,44.6311
5797,44.6311
5798,44.6311
5799,44.6311
5800,35.5431
5801,20.3379
5802,9.67484
5803,0
5804,0
5805,0
5806,0
5807,0
5808,0
5809,0
5810,0
5811,0
5812,0
5813,0
5814,0
5815,3.0648
5816,14.4207
5817,28.0849
5818,41.565
5819,44.6311
5820,43.9386
5821,41.5345
5822,41.8069
5823,44.6311
5824,33.0196
5825,12.9072
5826,2.9684
5827,0
5828,0
5829,0
5830,0
5831,0
5832,0
5833,0
5834,0
5835,0
5836,0
5837,0
5838,0
5839,3.20051
5840,13.2981
5841,24.3504
5842,31.9227
5843,23.0152
5844,43.8674
5845,44.0279
5846,44.6311
5847,40.7783
5848,18.6896
5849,9.85203
5850,5.55825
5851,0
5852,0
5853,0
5854,0
5855,0
5856,0
5857,0
5858,0
5859,0
5860,0
5861,0
5862,0
5863,0.376797
5864,11.8464
5865,3.60753
5866,39.9654
5867,44.6311
5868,44.6311
5869,43.6262
5870,42.8325
5871,41.608
5872,21.7722
5873,0.706497
5874,8.25075
5875,0
5876,0
5877,0
5878,0
5879,0
5880,0
5881,0
5882,0
5883,0
5884,0
5885,0
5886,0
5887,3.20283
5888,4.80507
5889,22.8696
5890,34.3434
5891,28.1906
5892,40.2088
5893,36.7582
5894,38.6622
5895,32.5969
5896,41.1126
5897,29.3633
5898,7.63399
5899,0
5900,0
5901,0
5902,0
5903,0
5904,0
5905,0
5906,0
5907,0
5908,0
5909,0
5910,0
5911,3.83153
5912,11.0599
5913,31.1469
5914,43.2926
5915,44.6311
5916,40.7227
5917,44.6311
5918,38.5369
5919,31.5444
5920,13.6126
5921,6.28231
5922,1.38602
5923,0
5924,0
5925,0
5926,0
5927,0
5928,0
5929,0
5930,0
5931,0
5932,0
5933,0
5934,0
5935,0.0683093
5936,3.5392
5937,8.15264
5938,15.3354
5939,16.2931
5940,11.5875
5941,19.6942
5942,28.7332
5943,26.0343
5944,21.0854
5945,4.76918
5946,2.28539
5947,0
5948,0
5949,0
5950,0
5951,0
5952,0
5953,0
5954,0
5955,0
5956,0
5957,0
5958,0
5959,3.57921
5960,14.496
5961,30.0584
5962,43.0723
5963,44.6311
5964,43.4119
5965,44.6311
5966,44.6311
5967,35.1495
5968,44.6311
5969,30.3221
5970,3.77929
5971,0
5972,0
5973,0
5974,0
5975,0
5976,0
5977,0
5978,0
5979,0
5980,0
5981,0
5982,0
5983,2.05555
5984,14.2287
5985,30.5945
5986,44.2852
5987,44.6311
5988,44.6311
5989,23.4186
5990,40.8733
5991,19.3969
5992,4.19172
5993,0.697361
5994,1.49684
5995,0
5996,0
5997,0
5998,0
5999,0
6000,0
6001,0
6002,0
6003,0
6004,0
6005,0
6006,0
6007,3.94694
6008,15.9092
6009,27.9739
6010,36.5494
6011,44.6311
6012,44.6311
6013,44.6311
6014,44.6311
6015,44.6311
6016,44.5536
6017,21.1599
6018,6.4466
6019,0
6020,0
6021,0
6022,0
6023,0
6024,0
6025,0
6026,0
6027,0
6028,0
6029,0
6030,0
6031,3.76182
6032,14.8983
6033,21.6221
6034,23.588
6035,38.5397
6036,44.6311
6037,29.646
6038,44.6311
6039,43.3611
6040,31.8541
6041,18.6888
6042,5.15459
6043,0
6044,0
6045,0
6046,0
6047,0
6048,0
6049,0
6050,0
6051,0
6052,0
6053,0
6054,0
6055,0.563324
6056,12.6562
6057,25.0519
6058,33.628
6059,34.8477
6060,40.1503
6061,44.6311
6062,42.6969
6063,39.4185
6064,26.0683
6065,18.3923
6066,4.53352
6067,0
6068,0
6069,0
6070,0
6071,0
6072,0
6073,0
6074,0
6075,0
6076,0
6077,0
6078,0
6079,0.130348
6080,1.70519
6081,4.01646
6082,25.6119
6083,33.8021
6084,21.591
6085,26.4304
6086,29.4845
6087,23.4549
6088,31.3883
6089,15.1127
6090,3.24487
6091,0
6092,0
6093,0
6094,0
6095,0
6096,0
6097,0
6098,0
6099,0
6100,0
6101,0
6102,0
6103,1.01476
6104,14.209
6105,20.6693
6106,26.7649
6107,36.1474
6108,44.194
6109,31.3217
6110,44.6311
6111,41.8767
6112,30.7028
6113,13.7248
6114,2.61101
6115,0
6116,0
6117,0
6118,0
6119,0
6120,0
6121,0
6122,0
6123,0
6124,0
6125,0
6126,0
6127,2.67453
6128,11.4884
6129,24.0575
6130,34.9881
6131,43.3247
6132,44.6311
6133,31.7486
6134,44.6311
6135,21.2221
6136,4.84581
6137,17.158
6138,3.79423
6139,0
6140,0
6141,0
6142,0
6143,0
6144,0
6145,0
6146,0
6147,0
6148,0
6149,0
6150,0
6151,3.37311
6152,11.7683
6153,23.9652
6154,20.3397
6155,33.4167
6156,44.6311
6157,43.1829
6158,44.6311
6159,37.9916
6160,16.781
6161,13.0275
6162,2.32192
6163,0
6164,0
6165,0
6166,0
6167,0
6168,0
6169,0
6170,0
6171,0
6172,0
6173,0
6174,0
6175,0.37675
6176,5.29809
6177,12.9933
6178,15.9686
6179,7.26092
6180,20.0972
6181,22.6513
6182,22.7477
6183,14.9033
6184,4.35579
6185,0.513163
6186,0.0579523
6187,0
6188,0
6189,0
6190,0
6191,0
6192,0
6193,0
6194,0
6195,0
6196,0
6197,0
6198,0
6199,0.128239
6200,0.641546
6201,2.45372
6202,6.01419
6203,26.5779
6204,4.74437
6205,11.8543
6206,20.4805
6207,23.0102
6208,24.1949
6209,10.4018
6210,1.76272
6211,0
6212,0
6213,0
6214,0
6215,0
6216,0
6217,0
6218,0
6219,0
6220,0
6221,0
6222,0
6223,2.48966
6224,13.0736
6225,26.7091
6226,35.4687
6227,40.3689
6228,44.6311
6229,44.6311
6230,44.6311
6231,23.4691
6232,23.8274
6233,1.02848
6234,0.169348
6235,0
6236,0
6237,0
6238,0
6239,0
6240,0
6241,0
6242,0
6243,0
6244,0
6245,0
6246,0
6247,3.29875
6248,14.0502
6249,29.5736
6250,35.0187
6251,44.6311
6252,41.1506
6253,44.6311
6254,40.3103
6255,30.8282
6256,2.59178
6257,2.77176
6258,0.462022
6259,0
6260,0
6261,0
6262,0
6263,0
6264,0
6265,0
6266,0
6267,0
6268,0
6269,0
6270,0
6271,3.33011
6272,15.2647
6273,28.7613
6274,36.257
6275,40.8864
6276,44.6311
6277,44.6311
6278,38.4577
6279,33.5092
6280,30.7664
6281,14.1573
6282,2.24653
6283,0
6284,0
6285,0
6286,0
6287,0
6288,0
6289,0
6290,0
6291,0
6292,0
6293,0
6294,0
6295,0.756526
6296,12.0622
6297,20.2746
6298,18.7422
6299,30.1575
6300,36.3619
6301,33.4445
6302,7.73888
6303,3.17365
6304,6.57438
6305,7.69558
6306,1.1133
6307,0
6308,0
6309,0
6310,0
6311,0
6312,0
6313,0
6314,0
6315,0
6316,0
6317,0
6318,0
6319,2.95194
6320,10.9858
6321,23.202
6322,15.1564
6323,24.6843
6324,44.6311
6325,38.9862
6326,35.1409
6327,10.4544
6328,9.08705
6329,8.97234
6330,1.29361
6331,0
6332,0
6333,0
6334,0
6335,0
6336,0
6337,0
6338,0
6339,0
6340,0
6341,0
6342,0
6343,3.78751
6344,13.9961
6345,29.2257
6346,33.0994
6347,44.6311
6348,44.6311
6349,41.9897
6350,18.463
6351,24.3093
6352,3.0642
6353,6.75964
6354,0.900834
6355,0
6356,0
6357,0
6358,0
6359,0
6360,0
6361,0
6362,0
6363,0
6364,0
6365,0
6366,0
6367,3.24133
6368,13.0968
6369,29.0261
6370,42.1371
6371,14.7625
6372,41.2336
6373,44.6311
6374,24.7313
6375,36.5715
6376,17.3645
6377,21.5454
6378,3.96551
6379,0
6380,0
6381,0
6382,0
6383,0
6384,0
6385,0
6386,0
6387,0
6388,0
6389,0
6390,0
6391,3.75949
6392,15.443
6393,26.0041
6394,36.59
6395,42.4148
6396,44.6311
6397,44.4722
6398,40.7733
6399,33.2748
6400,16.8938
6401,11.5766
6402,1.38918
6403,0
6404,0
6405,0
6406,0
6407,0
6408,0
6409,0
6410,0
6411,0
6412,0
6413,0
6414,0
6415,2.23472
6416,11.3837
6417,20.9793
6418,33.0404
6419,41.3367
6420,42.0615
6421,40.6121
6422,44.1046
6423,30.3644
6424,27.4082
6425,16.3028
6426,2.62249
6427,0
6428,0
6429,0
6430,0
6431,0
6432,0
6433,0
6434,0
6435,0
6436,0
6437,0
6438,0
6439,3.35284
6440,13.4718
6441,24.4748
6442,34.7306
6443,42.1114
6444,44.6311
6445,44.6311
6446,41.048
6447,35.3762
6448,30.1307
6449,17.8981
6450,3.06843
6451,0
6452,0
6453,0
6454,0
6455,0
6456,0
6457,0
6458,0
6459,0
6460,0
6461,0
6462,0
6463,3.82166
6464,13.6296
6465,28.9856
6466,42.5722
6467,44.6311
6468,44.6311
6469,44.6311
6470,44.6311
6471,33.0814
6472,18.5377
6473,5.38579
6474,0.554672
6475,0
6476,0
6477,0
6478,0
6479,0
6480,0
6481,0
6482,0
6483,0
6484,0
6485,0
6486,0
6487,2.94905
6488,10.9788
6489,12.9775
6490,24.3062
6491,26.3504
6492,33.4941
6493,22.8987
6494,4.32755
6495,15.7275
6496,10.9371
6497,0.450373
6498,0
6499,0
6500,0
6501,0
6502,0
6503,0
6504,0
6505,0
6506,0
6507,0
6508,0
6509,0
6510,0
6511,0.126802
6512,0.640519
6513,2.19489
6514,4.07226
6515,6.41184
6516,14.5232
6517,18.9023
6518,14.9285
6519,15.2568
6520,6.47448
6521,5.3793
6522,0.427832
6523,0
6524,0
6525,0
6526,0
6527,0
6528,0
6529,0
6530,0
6531,0
6532,0
6533,0
6534,0
6535,0.128254
6536,2.30574
6537,9.26253
6538,14.6639
6539,29.5904
6540,44.6311
6541,44.6311
6542,43.407
6543,32.1531
6544,21.7512
6545,8.48091
6546,0.539317
6547,0
6548,0
6549,0
6550,0
6551,0
6552,0
6553,0
6554,0
6555,0
6556,0
6557,0
6558,0
6559,0.436425
6560,3.37175
6561,23.5957
6562,36.4634
6563,39.0448
6564,44.6311
6565,39.3068
6566,11.3482
6567,40.3674
6568,3.94866
6569,4.87676
6570,0.253415
6571,0
6572,0
6573,0
6574,0
6575,0
6576,0
6577,0
6578,0
6579,0
6580,0
6581,0
6582,0
6583,3.225
6584,11.8315
6585,28.881
6586,37.0085
6587,44.6311
6588,44.6311
6589,44.6311
6590,44.6311
6591,44.0211
6592,29.5236
6593,22.4241
6594,2.10119
6595,0
6596,0
6597,0
6598,0
6599,0
6600,0
6601,0
6602,0
6603,0
6604,0
6605,0
6606,0
6607,3.07303
6608,12.2919
6609,27.0843
6610,35.7684
6611,41.2355
6612,37.5671
6613,44.6311
6614,44.5854
6615,34.8942
6616,21.5137
6617,15.7667
6618,1.83486
6619,0
6620,0
6621,0
6622,0
6623,0
6624,0
6625,0
6626,0
6627,0
6628,0
6629,0
6630,0
6631,3.24269
6632,11.8084
6633,28.1985
6634,41.5201
6635,44.6311
6636,44.6311
6637,35.2777
6638,44.6311
6639,42.5533
6640,21.7889
6641,12.0378
6642,0.960858
6643,0
6644,0
6645,0
6646,0
6647,0
6648,0
6649,0
6650,0
6651,0
6652,0
6653,0
6654,0
6655,3.24338
6656,9.58337
6657,14.7028
6658,15.3059
6659,25.8278
6660,19.7407
6661,23.1804
6662,32.1951
6663,26.3277
6664,22.129
6665,13.6824
6666,0.623458
6667,0
6668,0
6669,0
6670,0
6671,0
6672,0
6673,0
6674,0
6675,0
6676,0
6677,0
6678,0
6679,3.30815
6680,11.7964
6681,26.0253
6682,40.6673
6683,44.6311
6684,44.6311
6685,44.6311
6686,44.6311
6687,44.6311
6688,33.7662
6689,15.2853
6690,0.323183
6691,0
6692,0
6693,0
6694,0
6695,0
6696,0
6697,0
6698,0
6699,0
6700,0
6701,0
6702,0
6703,3.36154
6704,11.8712
6705,27.5815
6706,41.1078
6707,44.6311
6708,44.6311
6709,41.6497
6710,44.6311
6711,39.9315
6712,4.45846
6713,1.34729
6714,0
6715,0
6716,0
6717,0
6718,0
6719,0
6720,0
6721,0
6722,0
6723,0
6724,0
6725,0
6726,0
6727,3.20947
6728,11.7858
6729,25.9155
6730,23.7977
6731,30.8485
6732,33.8935
6733,42.6996
6734,33.197
6735,30.1522
6736,20.846
6737,14.7709
6738,0.854565
6739,0
6740,0
6741,0
6742,0
6743,0
6744,0
6745,0
6746,0
6747,0
6748,0
6749,0
6750,0
6751,3.63097
6752,10.9098
6753,22.62
6754,35.9757
6755,39.8844
6756,37.8661
6757,30.7599
6758,10.481
6759,3.84855
6760,5.06575
6761,2.3728
6762,0.00245198
6763,0
6764,0
6765,0
6766,0
6767,0
6768,0
6769,0
6770,0
6771,0
6772,0
6773,0
6774,0
6775,3.22854
6776,11.6565
6777,25.1593
6778,34.9335
6779,42.4474
6780,44.6311
6781,42.5343
6782,23.2031
6783,20.0379
6784,6.19182
6785,2.48861
6786,0
6787,0
6788,0
6789,0
6790,0
6791,0
6792,0
6793,0
6794,0
6795,0
6796,0
6797,0
6798,0
6799,3.10712
6800,11.25
6801,24.7378
6802,35.7684
6803,43.0473
6804,44.6311
6805,44.6311
6806,44.6311
6807,15.5587
6808,10.5155
6809,7.8395
6810,0.207492
6811,0
6812,0
6813,0
6814,0
6815,0
6816,0
6817,0
6818,0
6819,0
6820,0
6821,0
6822,0
6823,2.61584
6824,8.95287
6825,18.581
6826,31.8872
6827,37.9676
6828,34.2845
6829,42.9507
6830,39.8986
6831,30.1594
6832,12.8747
6833,5.62813
6834,0.126605
6835,0
6836,0
6837,0
6838,0
6839,0
6840,0
6841,0
6842,0
6843,0
6844,0
6845,0
6846,0
6847,0.122954
6848,0.763216
6849,12.3004
6850,4.20884
6851,23.156
6852,38.3815
6853,30.9104
6854,26.0749
6855,31.1571
6856,16.0112
6857,7.05723
6858,0.167003
6859,0
6860,0
6861,0
6862,0
6863,0
6864,0
6865,0
6866,0
6867,0
6868,0
6869,0
6870,0
6871,0.123665
6872,3.2438
6873,1.92098
6874,4.42116
6875,5.59761
6876,14.0386
6877,10.5607
6878,10.1537
6879,15.1361
6880,23.45
6881,5.28648
6882,0.047249
6883,0
6884,0
6885,0
6886,0
6887,0
6888,0
6889,0
6890,0
6891,0
6892,0
6893,0
6894,0
6895,0.122673
6896,5.88312
6897,6.3153
6898,17.7445
6899,32.94
6900,24.4233
6901,29.3722
6902,36.4377
6903,32.6477
6904,14.5189
6905,12.0608
6906,0.178841
6907,0
6908,0
6909,0
6910,0
6911,0
6912,0
6913,0
6914,0
6915,0
6916,0
6917,0
6918,0
6919,3.24589
6920,10.8754
6921,24.7049
6922,26.0838
6923,42.3594
6924,41.2691
6925,43.9898
6926,44.6311
6927,34.3849
6928,27.3322
6929,17.1341
6930,0.301917
6931,0
6932,0
6933,0
6934,0
6935,0
6936,0
6937,0
6938,0
6939,0
6940,0
6941,0
6942,0
6943,3.18636
6944,9.94371
6945,26.3086
6946,40.8474
6947,44.6311
6948,44.6311
6949,44.6311
6950,44.6311
6951,33.6205
6952,13.1536
6953,10.7991
6954,0.396447
6955,0
6956,0
6957,0
6958,0
6959,0
6960,0
6961,0
6962,0
6963,0
6964,0
6965,0
6966,0
6967,3.08357
6968,10.6065
6969,17.6252
6970,25.5288
6971,41.6447
6972,44.6311
6973,44.6311
6974,44.6311
6975,33.4207
6976,23.6837
6977,14.4959
6978,0.0502186
6979,0
6980,0
6981,0
6982,0
6983,0
6984,0
6985,0
6986,0
6987,0
6988,0
6989,0
6990,0
6991,2.64171
6992,10.3071
6993,22.7431
6994,33.1798
6995,40.2126
6996,32.436
6997,36.4207
6998,27.7505
6999,23.9869
7000,17.8521
7001,7.88418
7002,0.145529
7003,0
7004,0
7005,0
7006,0
7007,0
7008,0
7009,0
7010,0
7011,0
7012,0
7013,0
7014,0
7015,3.25512
7016,9.93256
7017,24.5467
7018,34.6354
7019,40.6718
7020,44.6311
7021,44.6311
7022,44.6311
7023,44.6311
7024,27.8719
7025,18.1454
7026,0.251843
7027,0
7028,0
7029,0
7030,0
7031,0
7032,0
7033,0
7034,0
7035,0
7036,0
7037,0
7038,0
7039,2.99232
7040,10.4346
7041,23.1283
7042,30.1619
7043,20.1087
7044,36.1065
7045,30.1454
7046,27.277
7047,27.7917
7048,12.0739
7049,11.8275
7050,0.0136382
7051,0
7052,0
7053,0
7054,0
7055,0
7056,0
7057,0
7058,0
7059,0
7060,0
7061,0
7062,0
7063,3.54696
7064,10.2795
7065,24.8278
7066,39.2105
7067,44.6311
7068,44.6311
7069,44.6311
7070,44.6311
7071,44.6311
7072,34.2415
7073,14.195
7074,0.0590108
7075,0
7076,0
7077,0
7078,0
7079,0
7080,0
7081,0
7082,0
7083,0
7084,0
7085,0
7086,0
7087,2.65399
7088,10.4551
7089,19.1063
7090,33.1531
7091,36.7114
7092,44.6311
7093,44.6311
7094,44.4326
7095,31.4002
7096,3.18039
7097,12.3654
7098,0
7099,0
7100,0
7101,0
7102,0
7103,0
7104,0
7105,0
7106,0
7107,0
7108,0
7109,0
7110,0
7111,1.20227
7112,10.013
7113,22.6721
7114,33.6573
7115,41.0706
7116,44.6311
7117,44.6311
7118,19.0616
7119,13.3691
7120,6.11328
7121,1.66698
7122,0
7123,0
7124,0
7125,0
7126,0
7127,0
7128,0
7129,0
7130,0
7131,0
7132,0
7133,0
7134,0
7135,3.40735
7136,9.01749
7137,24.8425
7138,38.5127
7139,39.9848
7140,44.6311
7141,44.6311
7142,26.4893
7143,15.097
7144,8.4146
7145,11.5717
7146,0.010729
7147,0
7148,0
7149,0
7150,0
7151,0
7152,0
7153,0
7154,0
7155,0
7156,0
7157,0
7158,0
7159,3.22396
7160,9.43478
7161,24.2118
7162,38.8989
7163,41.1113
7164,41.1816
7165,43.5656
7166,31.2972
7167,24.5586
7168,18.5596
7169,10.7361
7170,0
7171,0
7172,0
7173,0
7174,0
7175,0
7176,0
7177,0
7178,0
7179,0
7180,0
7181,0
7182,0
7183,3.57373
7184,9.7945
7185,24.4948
7186,34.4482
7187,40.6031
7188,35.1173
7189,31.7528
7190,44.6311
7191,44.6311
7192,17.8805
7193,11.0895
7194,0
7195,0
7196,0
7197,0
7198,0
7199,0
7200,0
7201,0
7202,0
7203,0
7204,0
7205,0
7206,0
7207,3.3652
7208,9.16139
7209,17.2797
7210,38.3717
7211,43.3778
7212,44.6311
7213,44.6311
7214,37.4409
7215,39.8561
7216,29.7874
7217,13.7945
7218,0
7219,0
7220,0
7221,0
7222,0
7223,0
7224,0
7225,0
7226,0
7227,0
7228,0
7229,0
7230,0
7231,3.36438
7232,9.882
7233,23.0236
7234,33.9105
7235,41.6136
7236,44.6311
7237,40.0617
7238,44.6311
7239,32.7742
7240,29.9098
7241,13.3996
7242,0
7243,0
7244,0
7245,0
7246,0
7247,0
7248,0
7249,0
7250,0
7251,0
7252,0
7253,0
7254,0
7255,2.80847
7256,8.08001
7257,24.0679
7258,38.5458
7259,44.6311
7260,44.6311
7261,33.3823
7262,15.2566
7263,6.26608
7264,10.9969
7265,11.0022
7266,0
7267,0
7268,0
7269,0
7270,0
7271,0
7272,0
7273,0
7274,0
7275,0
7276,0
7277,0
7278,0
7279,0.865547
7280,3.12244
7281,15.9573
7282,25.5088
7283,26.6183
7284,30.1055
7285,19.5932
7286,22.0189
7287,27.8689
7288,23.8944
7289,13.4445
7290,0
7291,0
7292,0
7293,0
7294,0
7295,0
7296,0
7297,0
7298,0
7299,0
7300,0
7301,0
7302,0
7303,0.928505
7304,2.55267
7305,22.3975
7306,31.2066
7307,32.4069
7308,40.5225
7309,43.0843
7310,19.1625
7311,33.7475
7312,14.0403
7313,1.61052
7314,0
7315,0
7316,0
7317,0
7318,0
7319,0
7320,0
7321,0
7322,0
7323,0
7324,0
7325,0
7326,0
7327,3.1516
7328,8.32676
7329,14.634
7330,25.9998
7331,39.461
7332,39.8897
7333,40.1566
7334,38.0351
7335,24.4687
7336,12.041
7337,0.252556
7338,0
7339,0
7340,0
7341,0
7342,0
7343,0
7344,0
7345,0
7346,0
7347,0
7348,0
7349,0
7350,0
7351,2.95029
7352,9.02012
7353,16.8193
7354,31.6603
7355,40.8437
7356,40.8254
7357,44.6311
7358,44.2061
7359,40.1968
7360,17.8593
7361,3.77709
7362,0
7363,0
7364,0
7365,0
7366,0
7367,0
7368,0
7369,0
7370,0
7371,0
7372,0
7373,0
7374,0
7375,2.7582
7376,9.12716
7377,21.2313
7378,31.7213
7379,33.3407
7380,37.0949
7381,39.8482
7382,36.2053
7383,19.6136
7384,14.9069
7385,1.28846
7386,0
7387,0
7388,0
7389,0
7390,0
7391,0
7392,0
7393,0
7394,0
7395,0
7396,0
7397,0
7398,0
7399,0.11849
7400,0.642535
7401,6.92418
7402,15.7323
7403,11.0173
7404,6.96875
7405,6.62944
7406,10.2589
7407,21.9218
7408,11.6261
7409,0.256027
7410,0
7411,0
7412,0
7413,0
7414,0
7415,0
7416,0
7417,0
7418,0
7419,0
7420,0
7421,0
7422,0
7423,0.603654
7424,3.06306
7425,5.4803
7426,12.8918
7427,8.11442
7428,4.14835
7429,11.5369
7430,13.5632
7431,5.78787
7432,7.72825
7433,3.99109
7434,0
7435,0
7436,0
7437,0
7438,0
7439,0
7440,0
7441,0
7442,0
7443,0
7444,0
7445,0
7446,0
7447,0.237853
7448,5.07128
7449,11.4172
7450,12.0938
7451,19.4567
7452,26.0918
7453,24.8038
7454,15.8726
7455,25.1123
7456,5.10942
7457,4.08264
7458,0
7459,0
7460,0
7461,0
7462,0
7463,0
7464,0
7465,0
7466,0
7467,0
7468,0
7469,0
7470,0
7471,2.38963
7472,9.27865
7473,21.5549
7474,34.6241
7475,31.7575
7476,41.2288
7477,44.6311
7478,33.4746
7479,14.5325
7480,15.2072
7481,4.83521
7482,0
7483,0
7484,0
7485,0
7486,0
7487,0
7488,0
7489,0
7490,0
7491,0
7492,0
7493,0
7494,0
7495,2.74482
7496,7.89107
7497,21.6449
7498,34.833
7499,44.2522
7500,44.6311
7501,41.1283
7502,34.463
7503,27.8379
7504,20.7878
7505,7.6227
7506,0
7507,0
7508,0
7509,0
7510,0
7511,0
7512,0
7513,0
7514,0
7515,0
7516,0
7517,0
7518,0
7519,1.71535
7520,8.08523
7521,15.6327
7522,27.6456
7523,29.8047
7524,39.0178
7525,37.652
7526,24.7495
7527,31.6733
7528,18.0061
7529,4.0591
7530,0
7531,0
7532,0
7533,0
7534,0
7535,0
7536,0
7537,0
7538,0
7539,0
7540,0
7541,0
7542,0
7543,2.68285
7544,7.66594
7545,17.8116
7546,31.1902
7547,35.4964
7548,43.8388
7549,41.0239
7550,39.5645
7551,22.6015
7552,9.21528
7553,1.0184
7554,0
7555,0
7556,0
7557,0
7558,0
7559,0
7560,0
7561,0
7562,0
7563,0
7564,0
7565,0
7566,0
7567,2.94057
7568,7.61395
7569,20.0195
7570,34.5309
7571,44.1046
7572,41.0729
7573,24.0963
7574,29.3237
7575,19.3125
7576,6.28106
7577,9.30547
7578,0
7579,0
7580,0
7581,0
7582,0
7583,0
7584,0
7585,0
7586,0
7587,0
7588,0
7589,0
7590,0
7591,2.62923
7592,8.6128
7593,17.46
7594,28.4371
7595,36.6017
7596,40.087
7597,37.8763
7598,38.9276
7599,31.3753
7600,17.7202
7601,7.88975
7602,0
7603,0
7604,0
7605,0
7606,0
7607,0
7608,0
7609,0
7610,0
7611,0
7612,0
7613,0
7614,0
7615,3.01763
7616,7.04626
7617,20.0673
7618,29.6886
7619,35.1102
7620,41.1724
7621,44.6311
7622,41.6059
7623,32.3104
7624,20.3077
7625,1.40852
7626,0
7627,0
7628,0
7629,0
7630,0
7631,0
7632,0
7633,0
7634,0
7635,0
7636,0
7637,0
7638,0
7639,2.08847
7640,6.51425
7641,19.9092
7642,31.4979
7643,38.5357
7644,44.6311
7645,44.6311
7646,37.0141
7647,23.1741
7648,10.733
7649,9.9293
7650,0
7651,0
7652,0
7653,0
7654,0
7655,0
7656,0
7657,0
7658,0
7659,0
7660,0
7661,0
7662,0
7663,0.811253
7664,6.01362
7665,17.889
7666,23.2833
7667,37.4562
7668,44.2893
7669,44.6311
7670,44.6311
7671,39.6049
7672,28.6658
7673,10.8243
7674,0
7675,0
7676,0
7677,0
7678,0
7679,0
7680,0
7681,0
7682,0
7683,0
7684,0
7685,0
7686,0
7687,2.78497
7688,6.79951
7689,20.1511
7690,34.4436
7691,44.3754
7692,44.6311
7693,41.8177
7694,25.7486
7695,36.6454
7696,28.9575
7697,12.3762
7698,0
7699,0
7700,0
7701,0
7702,0
7703,0
7704,0
7705,0
7706,0
7707,0
7708,0
7709,0
7710,0
7711,0.80427
7712,7.30438
7713,15.9931
7714,27.4064
7715,33.9202
7716,39.9847
7717,44.6311
7718,43.3583
7719,38.5317
7720,26.945
7721,8.83731
7722,0
7723,0
7724,0
7725,0
7726,0
7727,0
7728,0
7729,0
7730,0
7731,0
7732,0
7733,0
7734,0
7735,2.70488
7736,7.72819
7737,19.1588
7738,29.5639
7739,36.835
7740,42.7799
7741,44.2083
7742,35.0255
7743,36.4655
7744,26.2397
7745,10.4145
7746,0
7747,0
7748,0
7749,0
7750,0
7751,0
7752,0
7753,0
7754,0
7755,0
7756,0
7757,0
7758,0
7759,2.04705
7760,8.8936
7761,20.4409
7762,33.0148
7763,42.095
7764,44.6311
7765,44.6311
7766,21.7806
7767,10.3878
7768,13.8326
7769,8.91823
7770,0
7771,0
7772,0
7773,0
7774,0
7775,0
7776,0
7777,0
7778,0
7779,0
7780,0
7781,0
7782,0
7783,1.31499
7784,3.30116
7785,12.5153
7786,19.3743
7787,21.1314
7788,29.6361
7789,34.2735
7790,25.5821
7791,29.6049
7792,18.9209
7793,7.67796
7794,0
7795,0
7796,0
7797,0
7798,0
7799,0
7800,0
7801,0
7802,0
7803,0
7804,0
7805,0
7806,0
7807,2.6427
7808,6.30752
7809,18.5705
7810,30.3591
7811,36.8413
7812,36.7463
7813,31.076
7814,32.1998
7815,7.53594
7816,14.2579
7817,6.22978
7818,0
7819,0
7820,0
7821,0
7822,0
7823,0
7824,0
7825,0
7826,0
7827,0
7828,0
7829,0
7830,0
7831,2.17173
7832,5.76643
7833,18.3565
7834,21.638
7835,35.8267
7836,37.296
7837,36.3706
7838,25.2822
7839,26.2693
7840,25.0713
7841,9.55334
7842,0
7843,0
7844,0
7845,0
7846,0
7847,0
7848,0
7849,0
7850,0
7851,0
7852,0
7853,0
7854,0
7855,2.4619
7856,5.12403
7857,16.2815
7858,31.0135
7859,40.3861
7860,42.6311
7861,44.6311
7862,28.2803
7863,21.2745
7864,23.8991
7865,10.1227
7866,0
7867,0
7868,0
7869,0
7870,0
7871,0
7872,0
7873,0
7874,0
7875,0
7876,0
7877,0
7878,0
7879,2.9917
7880,4.92713
7881,16.7596
7882,30.3959
7883,43.2449
7884,44.6311
7885,41.1174
7886,33.8214
7887,31.1541
7888,23.0028
7889,3.46102
7890,0
7891,0
7892,0
7893,0
7894,0
7895,0
7896,0
7897,0
7898,0
7899,0
7900,0
7901,0
7902,0
7903,1.54239
7904,7.29547
7905,17.9207
7906,25.9642
7907,42.3793
7908,44.6311
7909,44.6311
7910,44.6311
7911,15.571
7912,19.6929
7913,5.29129
7914,0
7915,0
7916,0
7917,0
7918,0
7919,0
7920,0
7921,0
7922,0
7923,0
7924,0
7925,0
7926,0
7927,2.69137
7928,4.83215
7929,17.9931
7930,32.2033
7931,39.3763
7932,44.6311
7933,44.6311
7934,34.7964
7935,23.6831
7936,20.0499
7937,4.89519
7938,0
7939,0
7940,0
7941,0
7942,0
7943,0
7944,0
7945,0
7946,0
7947,0
7948,0
7949,0
7950,0
7951,0.992161
7952,4.81284
7953,11.9804
7954,32.3632
7955,26.1239
7956,4.54753
7957,6.89879
7958,16.1596
7959,5.48657
7960,26.239
7961,8.63176
7962,0
7963,0
7964,0
7965,0
7966,0
7967,0
7968,0
7969,0
7970,0
7971,0
7972,0
7973,0
7974,0
7975,1.86771
7976,5.65914
7977,17.7169
7978,30.3582
7979,38.2846
7980,44.0397
7981,42.7852
7982,42.5014
7983,11.8998
7984,9.35567
7985,2.88025
7986,0
7987,0
7988,0
7989,0
7990,0
7991,0
7992,0
7993,0
7994,0
7995,0
7996,0
7997,0
7998,0
7999,0.739401
8000,5.16793
8001,17.5778
8002,31.009
8003,39.767
8004,44.6311
8005,43.5708
8006,43.2257
8007,36.4221
8008,23.4441
8009,11.0576
8010,0
8011,0
8012,0
8013,0
8014,0
8015,0
8016,0
8017,0
8018,0
8019,0
8020,0
8021,0
8022,0
8023,1.6094
8024,5.96706
8025,16.6172
8026,31.281
8027,41.8315
8028,44.6311
8029,44.6311
8030,43.5257
8031,32.9808
8032,25.7638
8033,11.1951
8034,0
8035,0
8036,0
8037,0
8038,0
8039,0
8040,0
8041,0
8042,0
8043,0
8044,0
8045,0
8046,0
8047,2.05897
8048,4.24915
8049,16.1953
8050,31.0849
8051,41.7139
8052,44.6311
8053,29.7265
8054,13.2823
8055,13.7418
8056,22.7092
8057,9.12604
8058,0
8059,0
8060,0
8061,0
8062,0
8063,0
8064,0
8065,0
8066,0
8067,0
8068,0
8069,0
8070,0
8071,1.64663
8072,4.1934
8073,16.1201
8074,30.0259
8075,20.1039
8076,34.6579
8077,22.24
8078,44.2911
8079,28.2493
8080,20.7647
8081,4.07706
8082,0
8083,0
8084,0
8085,0
8086,0
8087,0
8088,0
8089,0
8090,0
8091,0
8092,0
8093,0
8094,0
8095,1.42927
8096,5.33936
8097,16.1527
8098,28.593
8099,36.6677
8100,14.1914
8101,42.1655
8102,30.8141
8103,35.0236
8104,23.561
8105,10.5137
8106,0
8107,0
8108,0
8109,0
8110,0
8111,0
8112,0
8113,0
8114,0
8115,0
8116,0
8117,0
8118,0
8119,1.02887
8120,5.93642
8121,16.058
8122,26.9039
8123,22.8313
8124,23.7683
8125,30.7998
8126,14.4514
8127,15.9523
8128,11.8504
8129,4.29981
8130,0
8131,0
8132,0
8133,0
8134,0
8135,0
8136,0
8137,0
8138,0
8139,0
8140,0
8141,0
8142,0
8143,0.920009
8144,3.86983
8145,15.4395
8146,30.5937
8147,41.7852
8148,44.6311
8149,44.6311
8150,44.6311
8151,39.738
8152,28.1599
8153,12.5365
8154,0
8155,0
8156,0
8157,0
8158,0
8159,0
8160,0
8161,0
8162,0
8163,0
8164,0
8165,0
8166,0
8167,1.35191
8168,3.96877
8169,14.966
8170,29.2837
8171,37.2071
8172,35.2455
8173,26.1269
8174,36.6063
8175,14.469
8176,12.4804
8177,0.188445
8178,0
8179,0
8180,0
8181,0
8182,0
8183,0
8184,0
8185,0
8186,0
8187,0
8188,0
8189,0
8190,0
8191,0.75691
8192,5.43649
8193,15.0857
8194,23.9093
8195,27.4756
8196,36.8046
8197,43.1892
8198,43.2082
8199,34.1804
8200,24.1902
8201,11.2947
8202,0
8203,0
8204,0
8205,0
8206,0
8207,0
8208,0
8209,0
8210,0
8211,0
8212,0
8213,0
8214,0
8215,0.445712
8216,4.13675
8217,15.4008
8218,27.6994
8219,36.0298
8220,37.5353
8221,36.8229
8222,28.0986
8223,14.288
8224,17.0443
8225,0.751697
8226,0
8227,0
8228,0
8229,0
8230,0
8231,0
8232,0
8233,0
8234,0
8235,0
8236,0
8237,0
8238,0
8239,0.439315
8240,5.95174
8241,9.98448
8242,12.0059
8243,28.4659
8244,13.5258
8245,13.2847
8246,17.7394
8247,16.3042
8248,14.398
8249,8.85489
8250,0
8251,0
8252,0
8253,0
8254,0
8255,0
8256,0
8257,0
8258,0
8259,0
8260,0
8261,0
8262,0
8263,0.551789
8264,5.98736
8265,15.4411
8266,27.0616
8267,36.9746
8268,41.1146
8269,39.3568
8270,25.126
8271,32.6295
8272,12.5961
8273,7.94596
8274,0
8275,0
8276,0
8277,0
8278,0
8279,0
8280,0
8281,0
8282,0
8283,0
8284,0
8285,0
8286,0
8287,0.947399
8288,4.62282
8289,15.2366
8290,27.5896
8291,36.7688
8292,35.1113
8293,30.8525
8294,29.6729
8295,12.9214
8296,20.8063
8297,2.77923
8298,0
8299,0
8300,0
8301,0
8302,0
8303,0
8304,0
8305,0
8306,0
8307,0
8308,0
8309,0
8310,0
8311,0.598221
8312,5.7371
8313,14.1399
8314,17.3211
8315,16.3487
8316,35.0401
8317,29.7573
8318,32.4656
8319,12.7924
8320,1.85713
8321,1.0295
8322,0
8323,0
8324,0
8325,0
8326,0
8327,0
8328,0
8329,0
8330,0
8331,0
8332,0
8333,0
8334,0
8335,0.26203
8336,5.81861
8337,7.32309
8338,20.6027
8339,26.1485
8340,32.3596
8341,25.143
8342,34.477
8343,28.3076
8344,16.1817
8345,5.29816
8346,0
8347,0
8348,0
8349,0
8350,0
8351,0
8352,0
8353,0
8354,0
8355,0
8356,0
8357,0
8358,0
8359,0.32753
8360,4.92867
8361,15.2364
8362,27.1886
8363,32.1458
8364,34.7737
8365,35.3574
8366,30.6847
8367,31.5961
8368,23.9406
8369,12.2133
8370,0
8371,0
8372,0
8373,0
8374,0
8375,0
8376,0
8377,0
8378,0
8379,0
8380,0
8381,0
8382,0
8383,0.549357
8384,5.08655
8385,14.7311
8386,26.894
8387,33.6675
8388,34.6715
8389,34.5614
8390,41.6405
8391,31.4499
8392,22.8382
8393,9.94404
8394,0
8395,0
8396,0
8397,0
8398,0
8399,0
8400,0
8401,0
8402,0
8403,0
8404,0
8405,0
8406,0
8407,0.0535247
8408,5.70533
8409,14.4897
8410,16.9472
8411,24.9164
8412,25.0409
8413,22.8356
8414,17.6677
8415,12.9373
8416,10.2694
8417,2.57925
8418,0
8419,0
8420,0
8421,0
8422,0
8423,0
8424,0
8425,0
8426,0
8427,0
8428,0
8429,0
8430,0
8431,0.175458
8432,5.98693
8433,13.2008
8434,8.53819
8435,5.90265
8436,7.93736
8437,14.7569
8438,9.96571
8439,4.83028
8440,5.7372
8441,2.91388
8442,0
8443,0
8444,0
8445,0
8446,0
8447,0
8448,0
8449,0
8450,0
8451,0
8452,0
8453,0
8454,0
8455,0.266123
8456,4.04993
8457,13.9199
8458,20.134
8459,29.6027
8460,38.2157
8461,43.9754
8462,44.1949
8463,39.9778
8464,28.8227
8465,10.2421
8466,0.111753
8467,0
8468,0
8469,0
8470,0
8471,0
8472,0
8473,0
8474,0
8475,0
8476,0
8477,0
8478,0
8479,0.19593
8480,4.18415
8481,8.56243
8482,24.0309
8483,33.5894
8484,38.4752
8485,42.6425
8486,44.6311
8487,39.8113
8488,28.6237
8489,13.5612
8490,0.110597
8491,0
8492,0
8493,0
8494,0
8495,0
8496,0
8497,0
8498,0
8499,0
8500,0
8501,0
8502,0
8503,0.0563866
8504,3.87714
8505,13.4042
8506,28.0463
8507,30.4256
8508,16.2652
8509,19.4922
8510,32.5476
8511,25.7146
8512,20.9805
8513,8.73138
8514,0.0139131
8515,0
8516,0
8517,0
8518,0
8519,0
8520,0
8521,0
8522,0
8523,0
8524,0
8525,0
8526,0
8527,0.5845
8528,4.60139
8529,14.2111
8530,29.1001
8531,40.883
8532,44.6311
8533,44.6311
8534,44.6311
8535,40.6115
8536,29.4425
8537,14.2592
8538,0.12852
8539,0
8540,0
8541,0
8542,0
8543,0
8544,0
8545,0
8546,0
8547,0
8548,0
8549,0
8550,0
8551,0.631247
8552,3.93794
8553,13.5003
8554,28.9352
8555,40.8082
8556,44.6311
8557,44.6311
8558,44.6311
8559,41.2477
8560,29.863
8561,14.5119
8562,0.138601
8563,0
8564,0
8565,0
8566,0
8567,0
8568,0
8569,0
8570,0
8571,0
8572,0
8573,0
8574,0
8575,0.540492
8576,3.94558
8577,13.2799
8578,22.5225
8579,26.5293
8580,37.3232
8581,44.6311
8582,23.1338
8583,19.3168
8584,19.6173
8585,5.44528
8586,0
8587,0
8588,0
8589,0
8590,0
8591,0
8592,0
8593,0
8594,0
8595,0
8596,0
8597,0
8598,0
8599,0.346287
8600,5.08082
8601,13.8683
8602,26.1929
8603,36.0716
8604,41.6695
8605,42.6851
8606,44.6311
8607,34.9419
8608,21.9152
8609,9.9901
8610,0.228677
8611,0
8612,0
8613,0
8614,0
8615,0
8616,0
8617,0
8618,0
8619,0
8620,0
8621,0
8622,0
8623,0.16297
8624,4.67791
8625,7.9225
8626,3.41864
8627,2.72142
8628,3.38144
8629,5.68897
8630,10.517
8631,8.18493
8632,4.43522
8633,4.1256
8634,0.00990745
8635,0
8636,0
8637,0
8638,0
8639,0
8640,0
8641,0
8642,0
8643,0
8644,0
8645,0
8646,0
8647,0.274675
8648,4.82794
8649,13.5786
8650,26.2844
8651,36.6721
8652,43.1451
8653,43.5271
8654,40.6601
8655,37.0008
8656,28.6646
8657,12.4353
8658,0.236607
8659,0
8660,0
8661,0
8662,0
8663,0
8664,0
8665,0
8666,0
8667,0
8668,0
8669,0
8670,0
8671,0.286958
8672,4.28829
8673,12.3809
8674,18.7648
8675,30.1656
8676,34.5982
8677,33.1808
8678,23.331
8679,25.2752
8680,15.3026
8681,8.19819
8682,0.195888
8683,0
8684,0
8685,0
8686,0
8687,0
8688,0
8689,0
8690,0
8691,0
8692,0
8693,0
8694,0
8695,0.122517
8696,4.76013
8697,13.7137
8698,26.2153
8699,35.6942
8700,35.6525
8701,35.1844
8702,37.2941
8703,35.2794
8704,15.4834
8705,8.88564
8706,0.279096
8707,0
8708,0
8709,0
8710,0
8711,0
8712,0
8713,0
8714,0
8715,0
8716,0
8717,0
8718,0
8719,0
8720,2.10907
8721,11.0253
8722,10.661
8723,22.5468
8724,31.0535
8725,22.9968
8726,36.278
8727,32.8414
8728,29.751
8729,11.5558
8730,0.420394
8731,0
8732,0
8733,0
8734,0
8735,0
8736,0
8737,0
8738,0
8739,0
8740,0
8741,0
8742,0
8743,0.091245
8744,4.07685
8745,13.5059
8746,24.6462
8747,32.4289
8748,41.2692
8749,33.4852
8750,13.557
8751,31.9899
8752,13.2258
8753,4.57976
8754,0.0122499
8755,0
8756,0
8757,0
8758,0
8759,0
8760,0
